file,line,type,commit,author,date,time,timezone,datetime,depth,length
style.css,1,css,575e145f,pratham-aggr,2026-04-15,13:38:03,-07:00,2026-04-15T13:38:03-07:00,0,18
style.css,2,css,575e145f,pratham-aggr,2026-04-15,13:38:03,-07:00,2026-04-15T13:38:03-07:00,1,13
style.css,3,css,575e145f,pratham-aggr,2026-04-15,13:38:03,-07:00,2026-04-15T13:38:03-07:00,1,24
style.css,4,css,575e145f,pratham-aggr,2026-04-15,13:38:03,-07:00,2026-04-15T13:38:03-07:00,1,11
style.css,5,css,575e145f,pratham-aggr,2026-04-15,13:38:03,-07:00,2026-04-15T13:38:03-07:00,1,12
style.css,6,css,575e145f,pratham-aggr,2026-04-15,13:38:03,-07:00,2026-04-15T13:38:03-07:00,1,16
style.css,7,css,575e145f,pratham-aggr,2026-04-15,13:38:03,-07:00,2026-04-15T13:38:03-07:00,1,15
style.css,8,css,575e145f,pratham-aggr,2026-04-15,13:38:03,-07:00,2026-04-15T13:38:03-07:00,1,47
style.css,9,css,575e145f,pratham-aggr,2026-04-15,13:38:03,-07:00,2026-04-15T13:38:03-07:00,0,0
style.css,10,css,11eb8e70,pratham-aggr,2026-04-07,10:42:24,-07:00,2026-04-07T10:42:24-07:00,0,10
style.css,11,css,11eb8e70,pratham-aggr,2026-04-07,10:42:24,-07:00,2026-04-07T10:42:24-07:00,1,16
style.css,12,css,11eb8e70,pratham-aggr,2026-04-07,10:42:24,-07:00,2026-04-07T10:42:24-07:00,0,0
style.css,13,css,11eb8e70,pratham-aggr,2026-04-07,10:42:24,-07:00,2026-04-07T10:42:24-07:00,0,0
style.css,14,css,5367a02,pratham-aggr,2026-04-02,16:58:48,-07:00,2026-04-02T16:58:48-07:00,0,4
style.css,15,css,11eb8e70,pratham-aggr,2026-04-07,10:42:24,-07:00,2026-04-07T10:42:24-07:00,1,25
style.css,16,css,11eb8e70,pratham-aggr,2026-04-07,10:42:24,-07:00,2026-04-07T10:42:24-07:00,0,0
style.css,17,css,11eb8e70,pratham-aggr,2026-04-07,10:42:24,-07:00,2026-04-07T10:42:24-07:00,0,0
style.css,18,css,11eb8e70,pratham-aggr,2026-04-07,10:42:24,-07:00,2026-04-07T10:42:24-07:00,0,18
style.css,19,css,11eb8e70,pratham-aggr,2026-04-07,10:42:24,-07:00,2026-04-07T10:42:24-07:00,1,14
style.css,20,css,11eb8e70,pratham-aggr,2026-04-07,10:42:24,-07:00,2026-04-07T10:42:24-07:00,1,13
style.css,21,css,575e145f,pratham-aggr,2026-04-15,13:38:03,-07:00,2026-04-15T13:38:03-07:00,1,17
style.css,22,css,575e145f,pratham-aggr,2026-04-15,13:38:03,-07:00,2026-04-15T13:38:03-07:00,1,16
style.css,23,css,11eb8e70,pratham-aggr,2026-04-07,10:42:24,-07:00,2026-04-07T10:42:24-07:00,1,19
style.css,24,css,11eb8e70,pratham-aggr,2026-04-07,10:42:24,-07:00,2026-04-07T10:42:24-07:00,1,47
style.css,25,css,11eb8e70,pratham-aggr,2026-04-07,10:42:24,-07:00,2026-04-07T10:42:24-07:00,1,17
style.css,26,css,11eb8e70,pratham-aggr,2026-04-07,10:42:24,-07:00,2026-04-07T10:42:24-07:00,0,0
style.css,27,css,11eb8e70,pratham-aggr,2026-04-07,10:42:24,-07:00,2026-04-07T10:42:24-07:00,0,0
style.css,28,css,11eb8e70,pratham-aggr,2026-04-07,10:42:24,-07:00,2026-04-07T10:42:24-07:00,0,15
style.css,29,css,11eb8e70,pratham-aggr,2026-04-07,10:42:24,-07:00,2026-04-07T10:42:24-07:00,1,17
style.css,30,css,11eb8e70,pratham-aggr,2026-04-07,10:42:24,-07:00,2026-04-07T10:42:24-07:00,0,0
style.css,31,css,11eb8e70,pratham-aggr,2026-04-07,10:42:24,-07:00,2026-04-07T10:42:24-07:00,0,0
style.css,32,css,11eb8e70,pratham-aggr,2026-04-07,10:42:24,-07:00,2026-04-07T10:42:24-07:00,0,14
style.css,33,css,11eb8e70,pratham-aggr,2026-04-07,10:42:24,-07:00,2026-04-07T10:42:24-07:00,1,19
style.css,34,css,11eb8e70,pratham-aggr,2026-04-07,10:42:24,-07:00,2026-04-07T10:42:24-07:00,0,0
style.css,35,css,11eb8e70,pratham-aggr,2026-04-07,10:42:24,-07:00,2026-04-07T10:42:24-07:00,0,0
style.css,36,css,11eb8e70,pratham-aggr,2026-04-07,10:42:24,-07:00,2026-04-07T10:42:24-07:00,0,7
style.css,37,css,575e145f,pratham-aggr,2026-04-15,13:38:03,-07:00,2026-04-15T13:38:03-07:00,1,17
style.css,38,css,575e145f,pratham-aggr,2026-04-15,13:38:03,-07:00,2026-04-15T13:38:03-07:00,1,16
style.css,39,css,11eb8e70,pratham-aggr,2026-04-07,10:42:24,-07:00,2026-04-07T10:42:24-07:00,1,19
style.css,40,css,11eb8e70,pratham-aggr,2026-04-07,10:42:24,-07:00,2026-04-07T10:42:24-07:00,1,19
style.css,41,css,11eb8e70,pratham-aggr,2026-04-07,10:42:24,-07:00,2026-04-07T10:42:24-07:00,1,19
style.css,42,css,11eb8e70,pratham-aggr,2026-04-07,10:42:24,-07:00,2026-04-07T10:42:24-07:00,0,0
style.css,43,css,11eb8e70,pratham-aggr,2026-04-07,10:42:24,-07:00,2026-04-07T10:42:24-07:00,0,0
style.css,44,css,11eb8e70,pratham-aggr,2026-04-07,10:42:24,-07:00,2026-04-07T10:42:24-07:00,0,2
style.css,45,css,11eb8e70,pratham-aggr,2026-04-07,10:42:24,-07:00,2026-04-07T10:42:24-07:00,1,16
style.css,46,css,11eb8e70,pratham-aggr,2026-04-07,10:42:24,-07:00,2026-04-07T10:42:24-07:00,1,17
style.css,47,css,11eb8e70,pratham-aggr,2026-04-07,10:42:24,-07:00,2026-04-07T10:42:24-07:00,1,18
style.css,48,css,11eb8e70,pratham-aggr,2026-04-07,10:42:24,-07:00,2026-04-07T10:42:24-07:00,0,0
style.css,49,css,11eb8e70,pratham-aggr,2026-04-07,10:42:24,-07:00,2026-04-07T10:42:24-07:00,0,0
style.css,50,css,11eb8e70,pratham-aggr,2026-04-07,10:42:24,-07:00,2026-04-07T10:42:24-07:00,0,2
style.css,51,css,11eb8e70,pratham-aggr,2026-04-07,10:42:24,-07:00,2026-04-07T10:42:24-07:00,1,19
style.css,52,css,11eb8e70,pratham-aggr,2026-04-07,10:42:24,-07:00,2026-04-07T10:42:24-07:00,0,0
style.css,53,css,11eb8e70,pratham-aggr,2026-04-07,10:42:24,-07:00,2026-04-07T10:42:24-07:00,0,0
style.css,54,css,11eb8e70,pratham-aggr,2026-04-07,10:42:24,-07:00,2026-04-07T10:42:24-07:00,0,25
style.css,55,css,11eb8e70,pratham-aggr,2026-04-07,10:42:24,-07:00,2026-04-07T10:42:24-07:00,1,18
style.css,56,css,11eb8e70,pratham-aggr,2026-04-07,10:42:24,-07:00,2026-04-07T10:42:24-07:00,2,17
style.css,57,css,11eb8e70,pratham-aggr,2026-04-07,10:42:24,-07:00,2026-04-07T10:42:24-07:00,1,0
style.css,58,css,11eb8e70,pratham-aggr,2026-04-07,10:42:24,-07:00,2026-04-07T10:42:24-07:00,1,7
style.css,59,css,11eb8e70,pratham-aggr,2026-04-07,10:42:24,-07:00,2026-04-07T10:42:24-07:00,2,19
style.css,60,css,11eb8e70,pratham-aggr,2026-04-07,10:42:24,-07:00,2026-04-07T10:42:24-07:00,1,0
style.css,61,css,11eb8e70,pratham-aggr,2026-04-07,10:42:24,-07:00,2026-04-07T10:42:24-07:00,0,0
style.css,62,css,575e145f,pratham-aggr,2026-04-15,13:38:03,-07:00,2026-04-15T13:38:03-07:00,0,0
style.css,63,css,11eb8e70,pratham-aggr,2026-04-07,10:42:24,-07:00,2026-04-07T10:42:24-07:00,0,4
style.css,64,css,11eb8e70,pratham-aggr,2026-04-07,10:42:24,-07:00,2026-04-07T10:42:24-07:00,1,31
style.css,65,css,11eb8e70,pratham-aggr,2026-04-07,10:42:24,-07:00,2026-04-07T10:42:24-07:00,1,32
style.css,66,css,575e145f,pratham-aggr,2026-04-15,13:38:03,-07:00,2026-04-15T13:38:03-07:00,1,23
style.css,67,css,11eb8e70,pratham-aggr,2026-04-07,10:42:24,-07:00,2026-04-07T10:42:24-07:00,0,0
style.css,68,css,11eb8e70,pratham-aggr,2026-04-07,10:42:24,-07:00,2026-04-07T10:42:24-07:00,0,0
style.css,69,css,11eb8e70,pratham-aggr,2026-04-07,10:42:24,-07:00,2026-04-07T10:42:24-07:00,0,4
style.css,70,css,11eb8e70,pratham-aggr,2026-04-07,10:42:24,-07:00,2026-04-07T10:42:24-07:00,1,23
style.css,71,css,11eb8e70,pratham-aggr,2026-04-07,10:42:24,-07:00,2026-04-07T10:42:24-07:00,1,14
style.css,72,css,11eb8e70,pratham-aggr,2026-04-07,10:42:24,-07:00,2026-04-07T10:42:24-07:00,1,42
style.css,73,css,11eb8e70,pratham-aggr,2026-04-07,10:42:24,-07:00,2026-04-07T10:42:24-07:00,1,12
style.css,74,css,575e145f,pratham-aggr,2026-04-15,13:38:03,-07:00,2026-04-15T13:38:03-07:00,1,17
style.css,75,css,575e145f,pratham-aggr,2026-04-15,13:38:03,-07:00,2026-04-15T13:38:03-07:00,1,16
style.css,76,css,575e145f,pratham-aggr,2026-04-15,13:38:03,-07:00,2026-04-15T13:38:03-07:00,0,0
style.css,77,css,575e145f,pratham-aggr,2026-04-15,13:38:03,-07:00,2026-04-15T13:38:03-07:00,0,0
style.css,78,css,575e145f,pratham-aggr,2026-04-15,13:38:03,-07:00,2026-04-15T13:38:03-07:00,0,3
style.css,79,css,575e145f,pratham-aggr,2026-04-15,13:38:03,-07:00,2026-04-15T13:38:03-07:00,1,39
style.css,80,css,575e145f,pratham-aggr,2026-04-15,13:38:03,-07:00,2026-04-15T13:38:03-07:00,1,43
style.css,81,css,575e145f,pratham-aggr,2026-04-15,13:38:03,-07:00,2026-04-15T13:38:03-07:00,1,12
style.css,82,css,575e145f,pratham-aggr,2026-04-15,13:38:03,-07:00,2026-04-15T13:38:03-07:00,1,9
style.css,83,css,575e145f,pratham-aggr,2026-04-15,13:38:03,-07:00,2026-04-15T13:38:03-07:00,1,20
style.css,84,css,575e145f,pratham-aggr,2026-04-15,13:38:03,-07:00,2026-04-15T13:38:03-07:00,1,17
style.css,85,css,575e145f,pratham-aggr,2026-04-15,13:38:03,-07:00,2026-04-15T13:38:03-07:00,1,17
style.css,86,css,575e145f,pratham-aggr,2026-04-15,13:38:03,-07:00,2026-04-15T13:38:03-07:00,1,16
style.css,87,css,575e145f,pratham-aggr,2026-04-15,13:38:03,-07:00,2026-04-15T13:38:03-07:00,1,11
style.css,88,css,575e145f,pratham-aggr,2026-04-15,13:38:03,-07:00,2026-04-15T13:38:03-07:00,0,0
style.css,89,css,575e145f,pratham-aggr,2026-04-15,13:38:03,-07:00,2026-04-15T13:38:03-07:00,0,0
style.css,90,css,575e145f,pratham-aggr,2026-04-15,13:38:03,-07:00,2026-04-15T13:38:03-07:00,0,5
style.css,91,css,575e145f,pratham-aggr,2026-04-15,13:38:03,-07:00,2026-04-15T13:38:03-07:00,1,20
style.css,92,css,575e145f,pratham-aggr,2026-04-15,13:38:03,-07:00,2026-04-15T13:38:03-07:00,1,13
style.css,93,css,575e145f,pratham-aggr,2026-04-15,13:38:03,-07:00,2026-04-15T13:38:03-07:00,1,19
style.css,94,css,575e145f,pratham-aggr,2026-04-15,13:38:03,-07:00,2026-04-15T13:38:03-07:00,1,19
style.css,95,css,575e145f,pratham-aggr,2026-04-15,13:38:03,-07:00,2026-04-15T13:38:03-07:00,1,26
style.css,96,css,575e145f,pratham-aggr,2026-04-15,13:38:03,-07:00,2026-04-15T13:38:03-07:00,0,0
style.css,97,css,575e145f,pratham-aggr,2026-04-15,13:38:03,-07:00,2026-04-15T13:38:03-07:00,0,0
style.css,98,css,575e145f,pratham-aggr,2026-04-15,13:38:03,-07:00,2026-04-15T13:38:03-07:00,0,11
style.css,99,css,575e145f,pratham-aggr,2026-04-15,13:38:03,-07:00,2026-04-15T13:38:03-07:00,0,10
style.css,100,css,575e145f,pratham-aggr,2026-04-15,13:38:03,-07:00,2026-04-15T13:38:03-07:00,0,13
style.css,101,css,575e145f,pratham-aggr,2026-04-15,13:38:03,-07:00,2026-04-15T13:38:03-07:00,1,20
style.css,102,css,575e145f,pratham-aggr,2026-04-15,13:38:03,-07:00,2026-04-15T13:38:03-07:00,0,0
style.css,103,css,575e145f,pratham-aggr,2026-04-15,13:38:03,-07:00,2026-04-15T13:38:03-07:00,0,0
style.css,104,css,575e145f,pratham-aggr,2026-04-15,13:38:03,-07:00,2026-04-15T13:38:03-07:00,0,13
style.css,105,css,575e145f,pratham-aggr,2026-04-15,13:38:03,-07:00,2026-04-15T13:38:03-07:00,1,16
style.css,106,css,575e145f,pratham-aggr,2026-04-15,13:38:03,-07:00,2026-04-15T13:38:03-07:00,0,0
style.css,107,css,575e145f,pratham-aggr,2026-04-15,13:38:03,-07:00,2026-04-15T13:38:03-07:00,0,0
style.css,108,css,575e145f,pratham-aggr,2026-04-15,13:38:03,-07:00,2026-04-15T13:38:03-07:00,0,11
style.css,109,css,575e145f,pratham-aggr,2026-04-15,13:38:03,-07:00,2026-04-15T13:38:03-07:00,1,69
style.css,110,css,575e145f,pratham-aggr,2026-04-15,13:38:03,-07:00,2026-04-15T13:38:03-07:00,0,0
style.css,111,css,575e145f,pratham-aggr,2026-04-15,13:38:03,-07:00,2026-04-15T13:38:03-07:00,0,0
style.css,112,css,575e145f,pratham-aggr,2026-04-15,13:38:03,-07:00,2026-04-15T13:38:03-07:00,0,13
style.css,113,css,575e145f,pratham-aggr,2026-04-15,13:38:03,-07:00,2026-04-15T13:38:03-07:00,1,17
style.css,114,css,575e145f,pratham-aggr,2026-04-15,13:38:03,-07:00,2026-04-15T13:38:03-07:00,1,8
style.css,115,css,575e145f,pratham-aggr,2026-04-15,13:38:03,-07:00,2026-04-15T13:38:03-07:00,1,10
style.css,116,css,575e145f,pratham-aggr,2026-04-15,13:38:03,-07:00,2026-04-15T13:38:03-07:00,1,13
style.css,117,css,575e145f,pratham-aggr,2026-04-15,13:38:03,-07:00,2026-04-15T13:38:03-07:00,1,19
style.css,118,css,575e145f,pratham-aggr,2026-04-15,13:38:03,-07:00,2026-04-15T13:38:03-07:00,1,17
style.css,119,css,575e145f,pratham-aggr,2026-04-15,13:38:03,-07:00,2026-04-15T13:38:03-07:00,1,16
style.css,120,css,575e145f,pratham-aggr,2026-04-15,13:38:03,-07:00,2026-04-15T13:38:03-07:00,1,19
style.css,121,css,575e145f,pratham-aggr,2026-04-15,13:38:03,-07:00,2026-04-15T13:38:03-07:00,1,19
style.css,122,css,575e145f,pratham-aggr,2026-04-15,13:38:03,-07:00,2026-04-15T13:38:03-07:00,1,47
style.css,123,css,575e145f,pratham-aggr,2026-04-15,13:38:03,-07:00,2026-04-15T13:38:03-07:00,1,12
style.css,124,css,11eb8e70,pratham-aggr,2026-04-07,10:42:24,-07:00,2026-04-07T10:42:24-07:00,0,0
style.css,125,css,11eb8e70,pratham-aggr,2026-04-07,10:42:24,-07:00,2026-04-07T10:42:24-07:00,0,0
style.css,126,css,575e145f,pratham-aggr,2026-04-15,13:38:03,-07:00,2026-04-15T13:38:03-07:00,0,20
style.css,127,css,575e145f,pratham-aggr,2026-04-15,13:38:03,-07:00,2026-04-15T13:38:03-07:00,1,19
style.css,128,css,575e145f,pratham-aggr,2026-04-15,13:38:03,-07:00,2026-04-15T13:38:03-07:00,1,14
style.css,129,css,575e145f,pratham-aggr,2026-04-15,13:38:03,-07:00,2026-04-15T13:38:03-07:00,1,17
style.css,130,css,575e145f,pratham-aggr,2026-04-15,13:38:03,-07:00,2026-04-15T13:38:03-07:00,0,0
style.css,131,css,575e145f,pratham-aggr,2026-04-15,13:38:03,-07:00,2026-04-15T13:38:03-07:00,0,0
style.css,132,css,575e145f,pratham-aggr,2026-04-15,13:38:03,-07:00,2026-04-15T13:38:03-07:00,0,0
style.css,133,css,11eb8e70,pratham-aggr,2026-04-07,10:42:24,-07:00,2026-04-07T10:42:24-07:00,0,5
style.css,134,css,11eb8e70,pratham-aggr,2026-04-07,10:42:24,-07:00,2026-04-07T10:42:24-07:00,0,6
style.css,135,css,11eb8e70,pratham-aggr,2026-04-07,10:42:24,-07:00,2026-04-07T10:42:24-07:00,1,16
style.css,136,css,11eb8e70,pratham-aggr,2026-04-07,10:42:24,-07:00,2026-04-07T10:42:24-07:00,0,0
style.css,137,css,11eb8e70,pratham-aggr,2026-04-07,10:42:24,-07:00,2026-04-07T10:42:24-07:00,0,0
style.css,138,css,11eb8e70,pratham-aggr,2026-04-07,10:42:24,-07:00,2026-04-07T10:42:24-07:00,0,3
style.css,139,css,11eb8e70,pratham-aggr,2026-04-07,10:42:24,-07:00,2026-04-07T10:42:24-07:00,1,12
style.css,140,css,11eb8e70,pratham-aggr,2026-04-07,10:42:24,-07:00,2026-04-07T10:42:24-07:00,1,41
style.css,141,css,11eb8e70,pratham-aggr,2026-04-07,10:42:24,-07:00,2026-04-07T10:42:24-07:00,1,17
style.css,142,css,11eb8e70,pratham-aggr,2026-04-07,10:42:24,-07:00,2026-04-07T10:42:24-07:00,0,0
style.css,143,css,11eb8e70,pratham-aggr,2026-04-07,10:42:24,-07:00,2026-04-07T10:42:24-07:00,0,9
style.css,144,css,11eb8e70,pratham-aggr,2026-04-07,10:42:24,-07:00,2026-04-07T10:42:24-07:00,1,12
style.css,145,css,11eb8e70,pratham-aggr,2026-04-07,10:42:24,-07:00,2026-04-07T10:42:24-07:00,1,58
style.css,146,css,11eb8e70,pratham-aggr,2026-04-07,10:42:24,-07:00,2026-04-07T10:42:24-07:00,1,7
style.css,147,css,11eb8e70,pratham-aggr,2026-04-07,10:42:24,-07:00,2026-04-07T10:42:24-07:00,1,14
style.css,148,css,11eb8e70,pratham-aggr,2026-04-07,10:42:24,-07:00,2026-04-07T10:42:24-07:00,0,0
style.css,149,css,11eb8e70,pratham-aggr,2026-04-07,10:42:24,-07:00,2026-04-07T10:42:24-07:00,0,0
style.css,150,css,11eb8e70,pratham-aggr,2026-04-07,10:42:24,-07:00,2026-04-07T10:42:24-07:00,0,17
style.css,151,css,11eb8e70,pratham-aggr,2026-04-07,10:42:24,-07:00,2026-04-07T10:42:24-07:00,1,12
style.css,152,css,11eb8e70,pratham-aggr,2026-04-07,10:42:24,-07:00,2026-04-07T10:42:24-07:00,1,26
style.css,153,css,11eb8e70,pratham-aggr,2026-04-07,10:42:24,-07:00,2026-04-07T10:42:24-07:00,1,15
style.css,154,css,575e145f,pratham-aggr,2026-04-15,13:38:03,-07:00,2026-04-15T13:38:03-07:00,1,17
style.css,155,css,575e145f,pratham-aggr,2026-04-15,13:38:03,-07:00,2026-04-15T13:38:03-07:00,1,16
style.css,156,css,11eb8e70,pratham-aggr,2026-04-07,10:42:24,-07:00,2026-04-07T10:42:24-07:00,1,19
style.css,157,css,11eb8e70,pratham-aggr,2026-04-07,10:42:24,-07:00,2026-04-07T10:42:24-07:00,1,46
style.css,158,css,11eb8e70,pratham-aggr,2026-04-07,10:42:24,-07:00,2026-04-07T10:42:24-07:00,1,11
style.css,159,css,11eb8e70,pratham-aggr,2026-04-07,10:42:24,-07:00,2026-04-07T10:42:24-07:00,0,0
style.css,160,css,11eb8e70,pratham-aggr,2026-04-07,10:42:24,-07:00,2026-04-07T10:42:24-07:00,0,0
style.css,161,css,11eb8e70,pratham-aggr,2026-04-07,10:42:24,-07:00,2026-04-07T10:42:24-07:00,0,12
style.css,162,css,11eb8e70,pratham-aggr,2026-04-07,10:42:24,-07:00,2026-04-07T10:42:24-07:00,1,8
style.css,163,css,11eb8e70,pratham-aggr,2026-04-07,10:42:24,-07:00,2026-04-07T10:42:24-07:00,0,0
style.css,164,css,11eb8e70,pratham-aggr,2026-04-07,10:42:24,-07:00,2026-04-07T10:42:24-07:00,0,0
style.css,165,css,11eb8e70,pratham-aggr,2026-04-07,10:42:24,-07:00,2026-04-07T10:42:24-07:00,0,13
style.css,166,css,11eb8e70,pratham-aggr,2026-04-07,10:42:24,-07:00,2026-04-07T10:42:24-07:00,1,10
style.css,167,css,11eb8e70,pratham-aggr,2026-04-07,10:42:24,-07:00,2026-04-07T10:42:24-07:00,1,11
style.css,168,css,11eb8e70,pratham-aggr,2026-04-07,10:42:24,-07:00,2026-04-07T10:42:24-07:00,1,13
style.css,169,css,11eb8e70,pratham-aggr,2026-04-07,10:42:24,-07:00,2026-04-07T10:42:24-07:00,1,16
style.css,170,css,11eb8e70,pratham-aggr,2026-04-07,10:42:24,-07:00,2026-04-07T10:42:24-07:00,0,0
style.css,171,css,11eb8e70,pratham-aggr,2026-04-07,10:42:24,-07:00,2026-04-07T10:42:24-07:00,0,0
style.css,172,css,91c028f9,pratham-aggr,2026-04-30,11:29:54,-07:00,2026-04-30T11:29:54-07:00,0,13
style.css,173,css,91c028f9,pratham-aggr,2026-04-30,11:29:54,-07:00,2026-04-30T11:29:54-07:00,1,30
style.css,174,css,91c028f9,pratham-aggr,2026-04-30,11:29:54,-07:00,2026-04-30T11:29:54-07:00,1,34
style.css,175,css,91c028f9,pratham-aggr,2026-04-30,11:29:54,-07:00,2026-04-30T11:29:54-07:00,1,20
style.css,176,css,91c028f9,pratham-aggr,2026-04-30,11:29:54,-07:00,2026-04-30T11:29:54-07:00,1,16
style.css,177,css,91c028f9,pratham-aggr,2026-04-30,11:29:54,-07:00,2026-04-30T11:29:54-07:00,0,0
style.css,178,css,91c028f9,pratham-aggr,2026-04-30,11:29:54,-07:00,2026-04-30T11:29:54-07:00,0,0
style.css,179,css,91c028f9,pratham-aggr,2026-04-30,11:29:54,-07:00,2026-04-30T11:29:54-07:00,0,18
style.css,180,css,91c028f9,pratham-aggr,2026-04-30,11:29:54,-07:00,2026-04-30T11:29:54-07:00,1,14
style.css,181,css,91c028f9,pratham-aggr,2026-04-30,11:29:54,-07:00,2026-04-30T11:29:54-07:00,1,16
style.css,182,css,91c028f9,pratham-aggr,2026-04-30,11:29:54,-07:00,2026-04-30T11:29:54-07:00,0,0
style.css,183,css,91c028f9,pratham-aggr,2026-04-30,11:29:54,-07:00,2026-04-30T11:29:54-07:00,1,4
style.css,184,css,91c028f9,pratham-aggr,2026-04-30,11:29:54,-07:00,2026-04-30T11:29:54-07:00,2,14
style.css,185,css,91c028f9,pratham-aggr,2026-04-30,11:29:54,-07:00,2026-04-30T11:29:54-07:00,2,16
style.css,186,css,91c028f9,pratham-aggr,2026-04-30,11:29:54,-07:00,2026-04-30T11:29:54-07:00,1,0
style.css,187,css,91c028f9,pratham-aggr,2026-04-30,11:29:54,-07:00,2026-04-30T11:29:54-07:00,0,0
style.css,188,css,91c028f9,pratham-aggr,2026-04-30,11:29:54,-07:00,2026-04-30T11:29:54-07:00,1,17
style.css,189,css,91c028f9,pratham-aggr,2026-04-30,11:29:54,-07:00,2026-04-30T11:29:54-07:00,2,16
style.css,190,css,91c028f9,pratham-aggr,2026-04-30,11:29:54,-07:00,2026-04-30T11:29:54-07:00,3,11
style.css,191,css,91c028f9,pratham-aggr,2026-04-30,11:29:54,-07:00,2026-04-30T11:29:54-07:00,2,0
style.css,192,css,91c028f9,pratham-aggr,2026-04-30,11:29:54,-07:00,2026-04-30T11:29:54-07:00,1,0
style.css,193,css,91c028f9,pratham-aggr,2026-04-30,11:29:54,-07:00,2026-04-30T11:29:54-07:00,0,0
style.css,194,css,91c028f9,pratham-aggr,2026-04-30,11:29:54,-07:00,2026-04-30T11:29:54-07:00,0,0
style.css,195,css,91c028f9,pratham-aggr,2026-04-30,11:29:54,-07:00,2026-04-30T11:29:54-07:00,0,9
style.css,196,css,91c028f9,pratham-aggr,2026-04-30,11:29:54,-07:00,2026-04-30T11:29:54-07:00,1,35
style.css,197,css,91c028f9,pratham-aggr,2026-04-30,11:29:54,-07:00,2026-04-30T11:29:54-07:00,0,0
style.css,198,css,91c028f9,pratham-aggr,2026-04-30,11:29:54,-07:00,2026-04-30T11:29:54-07:00,1,10
style.css,199,css,91c028f9,pratham-aggr,2026-04-30,11:29:54,-07:00,2026-04-30T11:29:54-07:00,2,17
style.css,200,css,91c028f9,pratham-aggr,2026-04-30,11:29:54,-07:00,2026-04-30T11:29:54-07:00,1,0
style.css,201,css,91c028f9,pratham-aggr,2026-04-30,11:29:54,-07:00,2026-04-30T11:29:54-07:00,0,0
style.css,202,css,91c028f9,pratham-aggr,2026-04-30,11:29:54,-07:00,2026-04-30T11:29:54-07:00,0,0
style.css,203,css,91c028f9,pratham-aggr,2026-04-30,11:29:54,-07:00,2026-04-30T11:29:54-07:00,0,10
style.css,204,css,91c028f9,pratham-aggr,2026-04-30,11:29:54,-07:00,2026-04-30T11:29:54-07:00,1,12
style.css,205,css,91c028f9,pratham-aggr,2026-04-30,11:29:54,-07:00,2026-04-30T11:29:54-07:00,1,18
style.css,206,css,91c028f9,pratham-aggr,2026-04-30,11:29:54,-07:00,2026-04-30T11:29:54-07:00,1,7
style.css,207,css,91c028f9,pratham-aggr,2026-04-30,11:29:54,-07:00,2026-04-30T11:29:54-07:00,1,16
style.css,208,css,91c028f9,pratham-aggr,2026-04-30,11:29:54,-07:00,2026-04-30T11:29:54-07:00,0,0
style.css,209,css,91c028f9,pratham-aggr,2026-04-30,11:29:54,-07:00,2026-04-30T11:29:54-07:00,0,0
style.css,210,css,91c028f9,pratham-aggr,2026-04-30,11:29:54,-07:00,2026-04-30T11:29:54-07:00,0,7
style.css,211,css,91c028f9,pratham-aggr,2026-04-30,11:29:54,-07:00,2026-04-30T11:29:54-07:00,1,12
style.css,212,css,91c028f9,pratham-aggr,2026-04-30,11:29:54,-07:00,2026-04-30T11:29:54-07:00,1,57
style.css,213,css,91c028f9,pratham-aggr,2026-04-30,11:29:54,-07:00,2026-04-30T11:29:54-07:00,1,9
style.css,214,css,91c028f9,pratham-aggr,2026-04-30,11:29:54,-07:00,2026-04-30T11:29:54-07:00,1,6
style.css,215,css,91c028f9,pratham-aggr,2026-04-30,11:29:54,-07:00,2026-04-30T11:29:54-07:00,1,15
style.css,216,css,91c028f9,pratham-aggr,2026-04-30,11:29:54,-07:00,2026-04-30T11:29:54-07:00,1,8
style.css,217,css,91c028f9,pratham-aggr,2026-04-30,11:29:54,-07:00,2026-04-30T11:29:54-07:00,1,11
style.css,218,css,91c028f9,pratham-aggr,2026-04-30,11:29:54,-07:00,2026-04-30T11:29:54-07:00,1,34
style.css,219,css,91c028f9,pratham-aggr,2026-04-30,11:29:54,-07:00,2026-04-30T11:29:54-07:00,1,19
style.css,220,css,91c028f9,pratham-aggr,2026-04-30,11:29:54,-07:00,2026-04-30T11:29:54-07:00,0,0
style.css,221,css,91c028f9,pratham-aggr,2026-04-30,11:29:54,-07:00,2026-04-30T11:29:54-07:00,0,0
style.css,222,css,91c028f9,pratham-aggr,2026-04-30,11:29:54,-07:00,2026-04-30T11:29:54-07:00,0,12
style.css,223,css,91c028f9,pratham-aggr,2026-04-30,11:29:54,-07:00,2026-04-30T11:29:54-07:00,1,12
style.css,224,css,91c028f9,pratham-aggr,2026-04-30,11:29:54,-07:00,2026-04-30T11:29:54-07:00,1,18
style.css,225,css,91c028f9,pratham-aggr,2026-04-30,11:29:54,-07:00,2026-04-30T11:29:54-07:00,1,9
style.css,226,css,4c14934e,pratham-aggr,2026-04-30,11:37:15,-07:00,2026-04-30T11:37:15-07:00,1,14
style.css,227,css,91c028f9,pratham-aggr,2026-04-30,11:29:54,-07:00,2026-04-30T11:29:54-07:00,0,0
style.css,228,css,91c028f9,pratham-aggr,2026-04-30,11:29:54,-07:00,2026-04-30T11:29:54-07:00,0,0
style.css,229,css,91c028f9,pratham-aggr,2026-04-30,11:29:54,-07:00,2026-04-30T11:29:54-07:00,0,7
style.css,230,css,91c028f9,pratham-aggr,2026-04-30,11:29:54,-07:00,2026-04-30T11:29:54-07:00,1,20
style.css,231,css,91c028f9,pratham-aggr,2026-04-30,11:29:54,-07:00,2026-04-30T11:29:54-07:00,1,9
style.css,232,css,91c028f9,pratham-aggr,2026-04-30,11:29:54,-07:00,2026-04-30T11:29:54-07:00,1,18
style.css,233,css,91c028f9,pratham-aggr,2026-04-30,11:29:54,-07:00,2026-04-30T11:29:54-07:00,1,29
style.css,234,css,91c028f9,pratham-aggr,2026-04-30,11:29:54,-07:00,2026-04-30T11:29:54-07:00,1,17
style.css,235,css,91c028f9,pratham-aggr,2026-04-30,11:29:54,-07:00,2026-04-30T11:29:54-07:00,1,13
style.css,236,css,91c028f9,pratham-aggr,2026-04-30,11:29:54,-07:00,2026-04-30T11:29:54-07:00,0,0
style.css,237,css,91c028f9,pratham-aggr,2026-04-30,11:29:54,-07:00,2026-04-30T11:29:54-07:00,0,0
style.css,238,css,91c028f9,pratham-aggr,2026-04-30,11:29:54,-07:00,2026-04-30T11:29:54-07:00,0,10
style.css,239,css,91c028f9,pratham-aggr,2026-04-30,11:29:54,-07:00,2026-04-30T11:29:54-07:00,1,13
style.css,240,css,91c028f9,pratham-aggr,2026-04-30,11:29:54,-07:00,2026-04-30T11:29:54-07:00,1,10
style.css,241,css,91c028f9,pratham-aggr,2026-04-30,11:29:54,-07:00,2026-04-30T11:29:54-07:00,1,20
style.css,242,css,91c028f9,pratham-aggr,2026-04-30,11:29:54,-07:00,2026-04-30T11:29:54-07:00,1,12
style.css,243,css,91c028f9,pratham-aggr,2026-04-30,11:29:54,-07:00,2026-04-30T11:29:54-07:00,1,34
style.css,244,css,91c028f9,pratham-aggr,2026-04-30,11:29:54,-07:00,2026-04-30T11:29:54-07:00,1,19
style.css,245,css,91c028f9,pratham-aggr,2026-04-30,11:29:54,-07:00,2026-04-30T11:29:54-07:00,1,19
style.css,246,css,91c028f9,pratham-aggr,2026-04-30,11:29:54,-07:00,2026-04-30T11:29:54-07:00,1,21
style.css,247,css,91c028f9,pratham-aggr,2026-04-30,11:29:54,-07:00,2026-04-30T11:29:54-07:00,0,0
style.css,248,css,91c028f9,pratham-aggr,2026-04-30,11:29:54,-07:00,2026-04-30T11:29:54-07:00,0,0
style.css,249,css,11eb8e70,pratham-aggr,2026-04-07,10:42:24,-07:00,2026-04-07T10:42:24-07:00,0,2
style.css,250,css,11eb8e70,pratham-aggr,2026-04-07,10:42:24,-07:00,2026-04-07T10:42:24-07:00,1,14
style.css,251,css,11eb8e70,pratham-aggr,2026-04-07,10:42:24,-07:00,2026-04-07T10:42:24-07:00,0,0
style.css,252,css,11eb8e70,pratham-aggr,2026-04-07,10:42:24,-07:00,2026-04-07T10:42:24-07:00,0,0
style.css,253,css,11eb8e70,pratham-aggr,2026-04-07,10:42:24,-07:00,2026-04-07T10:42:24-07:00,0,22
style.css,254,css,11eb8e70,pratham-aggr,2026-04-07,10:42:24,-07:00,2026-04-07T10:42:24-07:00,1,15
style.css,255,css,11eb8e70,pratham-aggr,2026-04-07,10:42:24,-07:00,2026-04-07T10:42:24-07:00,1,17
style.css,256,css,11eb8e70,pratham-aggr,2026-04-07,10:42:24,-07:00,2026-04-07T10:42:24-07:00,0,0
style.css,257,css,4c14934e,pratham-aggr,2026-04-30,11:37:15,-07:00,2026-04-30T11:37:15-07:00,0,0
style.css,258,css,4c14934e,pratham-aggr,2026-04-30,11:37:15,-07:00,2026-04-30T11:37:15-07:00,0,5
style.css,259,css,11eb8e70,pratham-aggr,2026-04-07,10:42:24,-07:00,2026-04-07T10:42:24-07:00,1,6
style.css,260,css,11eb8e70,pratham-aggr,2026-04-07,10:42:24,-07:00,2026-04-07T10:42:24-07:00,1,20
style.css,261,css,11eb8e70,pratham-aggr,2026-04-07,10:42:24,-07:00,2026-04-07T10:42:24-07:00,1,13
style.css,262,css,11eb8e70,pratham-aggr,2026-04-07,10:42:24,-07:00,2026-04-07T10:42:24-07:00,1,17
style.css,263,css,11eb8e70,pratham-aggr,2026-04-07,10:42:24,-07:00,2026-04-07T10:42:24-07:00,1,13
style.css,264,css,11eb8e70,pratham-aggr,2026-04-07,10:42:24,-07:00,2026-04-07T10:42:24-07:00,0,0
style.css,265,css,11eb8e70,pratham-aggr,2026-04-07,10:42:24,-07:00,2026-04-07T10:42:24-07:00,0,0
style.css,266,css,252f06f4,pratham-aggr,2026-04-15,14:02:16,-07:00,2026-04-15T14:02:16-07:00,0,0
style.css,267,css,11eb8e70,pratham-aggr,2026-04-07,10:42:24,-07:00,2026-04-07T10:42:24-07:00,0,13
style.css,268,css,252f06f4,pratham-aggr,2026-04-15,14:02:16,-07:00,2026-04-15T14:02:16-07:00,1,18
style.css,269,css,252f06f4,pratham-aggr,2026-04-15,14:02:16,-07:00,2026-04-15T14:02:16-07:00,1,16
style.css,270,css,11eb8e70,pratham-aggr,2026-04-07,10:42:24,-07:00,2026-04-07T10:42:24-07:00,0,0
style.css,271,css,11eb8e70,pratham-aggr,2026-04-07,10:42:24,-07:00,2026-04-07T10:42:24-07:00,0,0
style.css,272,css,11eb8e70,pratham-aggr,2026-04-07,10:42:24,-07:00,2026-04-07T10:42:24-07:00,0,11
style.css,273,css,11eb8e70,pratham-aggr,2026-04-07,10:42:24,-07:00,2026-04-07T10:42:24-07:00,1,45
style.css,274,css,11eb8e70,pratham-aggr,2026-04-07,10:42:24,-07:00,2026-04-07T10:42:24-07:00,1,20
style.css,275,css,11eb8e70,pratham-aggr,2026-04-07,10:42:24,-07:00,2026-04-07T10:42:24-07:00,0,0
style.css,276,css,11eb8e70,pratham-aggr,2026-04-07,10:42:24,-07:00,2026-04-07T10:42:24-07:00,0,0
style.css,277,css,11eb8e70,pratham-aggr,2026-04-07,10:42:24,-07:00,2026-04-07T10:42:24-07:00,0,4
style.css,278,css,11eb8e70,pratham-aggr,2026-04-07,10:42:24,-07:00,2026-04-07T10:42:24-07:00,0,7
style.css,279,css,11eb8e70,pratham-aggr,2026-04-07,10:42:24,-07:00,2026-04-07T10:42:24-07:00,0,6
style.css,280,css,11eb8e70,pratham-aggr,2026-04-07,10:42:24,-07:00,2026-04-07T10:42:24-07:00,1,12
style.css,281,css,11eb8e70,pratham-aggr,2026-04-07,10:42:24,-07:00,2026-04-07T10:42:24-07:00,0,0
style.css,282,css,11eb8e70,pratham-aggr,2026-04-07,10:42:24,-07:00,2026-04-07T10:42:24-07:00,0,0
style.css,283,css,11eb8e70,pratham-aggr,2026-04-07,10:42:24,-07:00,2026-04-07T10:42:24-07:00,0,4
style.css,284,css,11eb8e70,pratham-aggr,2026-04-07,10:42:24,-07:00,2026-04-07T10:42:24-07:00,1,12
style.css,285,css,11eb8e70,pratham-aggr,2026-04-07,10:42:24,-07:00,2026-04-07T10:42:24-07:00,1,30
style.css,286,css,11eb8e70,pratham-aggr,2026-04-07,10:42:24,-07:00,2026-04-07T10:42:24-07:00,1,7
style.css,287,css,11eb8e70,pratham-aggr,2026-04-07,10:42:24,-07:00,2026-04-07T10:42:24-07:00,0,0
style.css,288,css,11eb8e70,pratham-aggr,2026-04-07,10:42:24,-07:00,2026-04-07T10:42:24-07:00,0,0
style.css,289,css,11eb8e70,pratham-aggr,2026-04-07,10:42:24,-07:00,2026-04-07T10:42:24-07:00,0,5
style.css,290,css,11eb8e70,pratham-aggr,2026-04-07,10:42:24,-07:00,2026-04-07T10:42:24-07:00,1,12
style.css,291,css,11eb8e70,pratham-aggr,2026-04-07,10:42:24,-07:00,2026-04-07T10:42:24-07:00,1,29
style.css,292,css,11eb8e70,pratham-aggr,2026-04-07,10:42:24,-07:00,2026-04-07T10:42:24-07:00,1,18
style.css,293,css,11eb8e70,pratham-aggr,2026-04-07,10:42:24,-07:00,2026-04-07T10:42:24-07:00,0,0
style.css,294,css,11eb8e70,pratham-aggr,2026-04-07,10:42:24,-07:00,2026-04-07T10:42:24-07:00,0,0
style.css,295,css,11eb8e70,pratham-aggr,2026-04-07,10:42:24,-07:00,2026-04-07T10:42:24-07:00,0,4
style.css,296,css,11eb8e70,pratham-aggr,2026-04-07,10:42:24,-07:00,2026-04-07T10:42:24-07:00,0,8
style.css,297,css,11eb8e70,pratham-aggr,2026-04-07,10:42:24,-07:00,2026-04-07T10:42:24-07:00,1,10
style.css,298,css,11eb8e70,pratham-aggr,2026-04-07,10:42:24,-07:00,2026-04-07T10:42:24-07:00,1,21
style.css,299,css,11eb8e70,pratham-aggr,2026-04-07,10:42:24,-07:00,2026-04-07T10:42:24-07:00,0,0
style.css,300,css,11eb8e70,pratham-aggr,2026-04-07,10:42:24,-07:00,2026-04-07T10:42:24-07:00,0,0
style.css,301,css,11eb8e70,pratham-aggr,2026-04-07,10:42:24,-07:00,2026-04-07T10:42:24-07:00,0,6
style.css,302,css,11eb8e70,pratham-aggr,2026-04-07,10:42:24,-07:00,2026-04-07T10:42:24-07:00,1,18
style.css,303,css,41418bb7,pratham-aggr,2026-04-23,12:00:06,-07:00,2026-04-23T12:00:06-07:00,0,0
style.css,304,css,41418bb7,pratham-aggr,2026-04-23,12:00:06,-07:00,2026-04-23T12:00:06-07:00,0,0
style.css,305,css,41418bb7,pratham-aggr,2026-04-23,12:00:06,-07:00,2026-04-23T12:00:06-07:00,0,14
style.css,306,css,41418bb7,pratham-aggr,2026-04-23,12:00:06,-07:00,2026-04-23T12:00:06-07:00,1,17
style.css,307,css,41418bb7,pratham-aggr,2026-04-23,12:00:06,-07:00,2026-04-23T12:00:06-07:00,1,16
style.css,308,css,41418bb7,pratham-aggr,2026-04-23,12:00:06,-07:00,2026-04-23T12:00:06-07:00,1,19
style.css,309,css,41418bb7,pratham-aggr,2026-04-23,12:00:06,-07:00,2026-04-23T12:00:06-07:00,1,46
style.css,310,css,41418bb7,pratham-aggr,2026-04-23,12:00:06,-07:00,2026-04-23T12:00:06-07:00,1,11
style.css,311,css,41418bb7,pratham-aggr,2026-04-23,12:00:06,-07:00,2026-04-23T12:00:06-07:00,1,12
style.css,312,css,41418bb7,pratham-aggr,2026-04-23,12:00:06,-07:00,2026-04-23T12:00:06-07:00,0,0
style.css,313,css,41418bb7,pratham-aggr,2026-04-23,12:00:06,-07:00,2026-04-23T12:00:06-07:00,0,0
style.css,314,css,41418bb7,pratham-aggr,2026-04-23,12:00:06,-07:00,2026-04-23T12:00:06-07:00,0,17
style.css,315,css,41418bb7,pratham-aggr,2026-04-23,12:00:06,-07:00,2026-04-23T12:00:06-07:00,1,12
style.css,316,css,41418bb7,pratham-aggr,2026-04-23,12:00:06,-07:00,2026-04-23T12:00:06-07:00,1,36
style.css,317,css,41418bb7,pratham-aggr,2026-04-23,12:00:06,-07:00,2026-04-23T12:00:06-07:00,1,9
style.css,318,css,41418bb7,pratham-aggr,2026-04-23,12:00:06,-07:00,2026-04-23T12:00:06-07:00,1,17
style.css,319,css,41418bb7,pratham-aggr,2026-04-23,12:00:06,-07:00,2026-04-23T12:00:06-07:00,0,0
style.css,320,css,41418bb7,pratham-aggr,2026-04-23,12:00:06,-07:00,2026-04-23T12:00:06-07:00,0,0
style.css,321,css,41418bb7,pratham-aggr,2026-04-23,12:00:06,-07:00,2026-04-23T12:00:06-07:00,0,17
style.css,322,css,41418bb7,pratham-aggr,2026-04-23,12:00:06,-07:00,2026-04-23T12:00:06-07:00,1,10
style.css,323,css,41418bb7,pratham-aggr,2026-04-23,12:00:06,-07:00,2026-04-23T12:00:06-07:00,1,16
style.css,324,css,41418bb7,pratham-aggr,2026-04-23,12:00:06,-07:00,2026-04-23T12:00:06-07:00,1,20
style.css,325,css,41418bb7,pratham-aggr,2026-04-23,12:00:06,-07:00,2026-04-23T12:00:06-07:00,1,15
style.css,326,css,41418bb7,pratham-aggr,2026-04-23,12:00:06,-07:00,2026-04-23T12:00:06-07:00,0,0
style.css,327,css,41418bb7,pratham-aggr,2026-04-23,12:00:06,-07:00,2026-04-23T12:00:06-07:00,0,0
style.css,328,css,41418bb7,pratham-aggr,2026-04-23,12:00:06,-07:00,2026-04-23T12:00:06-07:00,0,17
style.css,329,css,41418bb7,pratham-aggr,2026-04-23,12:00:06,-07:00,2026-04-23T12:00:06-07:00,1,10
style.css,330,css,41418bb7,pratham-aggr,2026-04-23,12:00:06,-07:00,2026-04-23T12:00:06-07:00,1,8
style.css,331,css,41418bb7,pratham-aggr,2026-04-23,12:00:06,-07:00,2026-04-23T12:00:06-07:00,1,15
style.css,332,css,41418bb7,pratham-aggr,2026-04-23,12:00:06,-07:00,2026-04-23T12:00:06-07:00,1,16
style.css,333,css,41418bb7,pratham-aggr,2026-04-23,12:00:06,-07:00,2026-04-23T12:00:06-07:00,1,25
style.css,334,css,41418bb7,pratham-aggr,2026-04-23,12:00:06,-07:00,2026-04-23T12:00:06-07:00,0,0
style.css,335,css,41418bb7,pratham-aggr,2026-04-23,12:00:06,-07:00,2026-04-23T12:00:06-07:00,0,0
style.css,336,css,41418bb7,pratham-aggr,2026-04-23,12:00:06,-07:00,2026-04-23T12:00:06-07:00,0,25
style.css,337,css,41418bb7,pratham-aggr,2026-04-23,12:00:06,-07:00,2026-04-23T12:00:06-07:00,1,17
style.css,338,css,41418bb7,pratham-aggr,2026-04-23,12:00:06,-07:00,2026-04-23T12:00:06-07:00,2,36
style.css,339,css,41418bb7,pratham-aggr,2026-04-23,12:00:06,-07:00,2026-04-23T12:00:06-07:00,2,7
style.css,340,css,41418bb7,pratham-aggr,2026-04-23,12:00:06,-07:00,2026-04-23T12:00:06-07:00,1,0
style.css,341,css,41418bb7,pratham-aggr,2026-04-23,12:00:06,-07:00,2026-04-23T12:00:06-07:00,0,0
style.css,342,css,41418bb7,pratham-aggr,2026-04-23,12:00:06,-07:00,2026-04-23T12:00:06-07:00,1,14
style.css,343,css,41418bb7,pratham-aggr,2026-04-23,12:00:06,-07:00,2026-04-23T12:00:06-07:00,2,13
style.css,344,css,41418bb7,pratham-aggr,2026-04-23,12:00:06,-07:00,2026-04-23T12:00:06-07:00,1,0
style.css,345,css,11eb8e70,pratham-aggr,2026-04-07,10:42:24,-07:00,2026-04-07T10:42:24-07:00,0,0
resume.html,1,html,5367a02,pratham-aggr,2026-04-02,16:58:48,-07:00,2026-04-02T16:58:48-07:00,0,13
resume.html,2,html,5367a02,pratham-aggr,2026-04-02,16:58:48,-07:00,2026-04-02T16:58:48-07:00,0,14
resume.html,3,html,5367a02,pratham-aggr,2026-04-02,16:58:48,-07:00,2026-04-02T16:58:48-07:00,0,4
resume.html,4,html,5367a02,pratham-aggr,2026-04-02,16:58:48,-07:00,2026-04-02T16:58:48-07:00,2,20
resume.html,5,html,5367a02,pratham-aggr,2026-04-02,16:58:48,-07:00,2026-04-02T16:58:48-07:00,2,68
resume.html,6,html,5367a02,pratham-aggr,2026-04-02,16:58:48,-07:00,2026-04-02T16:58:48-07:00,2,36
resume.html,7,html,11eb8e70,pratham-aggr,2026-04-07,10:42:24,-07:00,2026-04-07T10:42:24-07:00,2,38
resume.html,8,html,5367a02,pratham-aggr,2026-04-02,16:58:48,-07:00,2026-04-02T16:58:48-07:00,0,5
resume.html,9,html,5367a02,pratham-aggr,2026-04-02,16:58:48,-07:00,2026-04-02T16:58:48-07:00,0,4
resume.html,10,html,575e145f,pratham-aggr,2026-04-15,13:38:03,-07:00,2026-04-15T13:38:03-07:00,0,0
resume.html,11,html,5367a02,pratham-aggr,2026-04-02,16:58:48,-07:00,2026-04-02T16:58:48-07:00,2,6
resume.html,12,html,5367a02,pratham-aggr,2026-04-02,16:58:48,-07:00,2026-04-02T16:58:48-07:00,4,23
resume.html,13,html,5367a02,pratham-aggr,2026-04-02,16:58:48,-07:00,2026-04-02T16:58:48-07:00,4,18
resume.html,14,html,5367a02,pratham-aggr,2026-04-02,16:58:48,-07:00,2026-04-02T16:58:48-07:00,4,56
resume.html,15,html,5367a02,pratham-aggr,2026-04-02,16:58:48,-07:00,2026-04-02T16:58:48-07:00,4,72
resume.html,16,html,5367a02,pratham-aggr,2026-04-02,16:58:48,-07:00,2026-04-02T16:58:48-07:00,4,1
resume.html,17,html,5367a02,pratham-aggr,2026-04-02,16:58:48,-07:00,2026-04-02T16:58:48-07:00,6,58
resume.html,18,html,5367a02,pratham-aggr,2026-04-02,16:58:48,-07:00,2026-04-02T16:58:48-07:00,6,52
resume.html,19,html,5367a02,pratham-aggr,2026-04-02,16:58:48,-07:00,2026-04-02T16:58:48-07:00,6,52
resume.html,20,html,575e145f,pratham-aggr,2026-04-15,13:38:03,-07:00,2026-04-15T13:38:03-07:00,5,2
resume.html,21,html,5367a02,pratham-aggr,2026-04-02,16:58:48,-07:00,2026-04-02T16:58:48-07:00,2,7
resume.html,22,html,5367a02,pratham-aggr,2026-04-02,16:58:48,-07:00,2026-04-02T16:58:48-07:00,2,7
resume.html,23,html,5367a02,pratham-aggr,2026-04-02,16:58:48,-07:00,2026-04-02T16:58:48-07:00,4,6
resume.html,24,html,5367a02,pratham-aggr,2026-04-02,16:58:48,-07:00,2026-04-02T16:58:48-07:00,6,16
resume.html,25,html,5367a02,pratham-aggr,2026-04-02,16:58:48,-07:00,2026-04-02T16:58:48-07:00,4,7
resume.html,26,html,5367a02,pratham-aggr,2026-04-02,16:58:48,-07:00,2026-04-02T16:58:48-07:00,4,7
resume.html,27,html,5367a02,pratham-aggr,2026-04-02,16:58:48,-07:00,2026-04-02T16:58:48-07:00,6,41
resume.html,28,html,5367a02,pratham-aggr,2026-04-02,16:58:48,-07:00,2026-04-02T16:58:48-07:00,6,70
resume.html,29,html,5367a02,pratham-aggr,2026-04-02,16:58:48,-07:00,2026-04-02T16:58:48-07:00,6,68
resume.html,30,html,5367a02,pratham-aggr,2026-04-02,16:58:48,-07:00,2026-04-02T16:58:48-07:00,4,8
resume.html,31,html,5367a02,pratham-aggr,2026-04-02,16:58:48,-07:00,2026-04-02T16:58:48-07:00,2,8
resume.html,32,html,5367a02,pratham-aggr,2026-04-02,16:58:48,-07:00,2026-04-02T16:58:48-07:00,0,0
resume.html,33,html,5367a02,pratham-aggr,2026-04-02,16:58:48,-07:00,2026-04-02T16:58:48-07:00,2,7
resume.html,34,html,5367a02,pratham-aggr,2026-04-02,16:58:48,-07:00,2026-04-02T16:58:48-07:00,2,6
resume.html,35,html,5367a02,pratham-aggr,2026-04-02,16:58:48,-07:00,2026-04-02T16:58:48-07:00,4,13
resume.html,36,html,5367a02,pratham-aggr,2026-04-02,16:58:48,-07:00,2026-04-02T16:58:48-07:00,2,7
resume.html,37,html,5367a02,pratham-aggr,2026-04-02,16:58:48,-07:00,2026-04-02T16:58:48-07:00,0,0
resume.html,38,html,5367a02,pratham-aggr,2026-04-02,16:58:48,-07:00,2026-04-02T16:58:48-07:00,2,7
resume.html,39,html,5367a02,pratham-aggr,2026-04-02,16:58:48,-07:00,2026-04-02T16:58:48-07:00,4,28
resume.html,40,html,5367a02,pratham-aggr,2026-04-02,16:58:48,-07:00,2026-04-02T16:58:48-07:00,4,2
resume.html,41,html,5367a02,pratham-aggr,2026-04-02,16:58:48,-07:00,2026-04-02T16:58:48-07:00,4,13
resume.html,42,html,5367a02,pratham-aggr,2026-04-02,16:58:48,-07:00,2026-04-02T16:58:48-07:00,4,10
resume.html,43,html,5367a02,pratham-aggr,2026-04-02,16:58:48,-07:00,2026-04-02T16:58:48-07:00,4,8
resume.html,44,html,5367a02,pratham-aggr,2026-04-02,16:58:48,-07:00,2026-04-02T16:58:48-07:00,4,10
resume.html,45,html,5367a02,pratham-aggr,2026-04-02,16:58:48,-07:00,2026-04-02T16:58:48-07:00,4,11
resume.html,46,html,5367a02,pratham-aggr,2026-04-02,16:58:48,-07:00,2026-04-02T16:58:48-07:00,4,17
resume.html,47,html,5367a02,pratham-aggr,2026-04-02,16:58:48,-07:00,2026-04-02T16:58:48-07:00,4,17
resume.html,48,html,5367a02,pratham-aggr,2026-04-02,16:58:48,-07:00,2026-04-02T16:58:48-07:00,4,3
resume.html,49,html,5367a02,pratham-aggr,2026-04-02,16:58:48,-07:00,2026-04-02T16:58:48-07:00,2,8
resume.html,50,html,5367a02,pratham-aggr,2026-04-02,16:58:48,-07:00,2026-04-02T16:58:48-07:00,0,0
resume.html,51,html,5367a02,pratham-aggr,2026-04-02,16:58:48,-07:00,2026-04-02T16:58:48-07:00,2,7
resume.html,52,html,5367a02,pratham-aggr,2026-04-02,16:58:48,-07:00,2026-04-02T16:58:48-07:00,4,28
resume.html,53,html,5367a02,pratham-aggr,2026-04-02,16:58:48,-07:00,2026-04-02T16:58:48-07:00,4,2
resume.html,54,html,5367a02,pratham-aggr,2026-04-02,16:58:48,-07:00,2026-04-02T16:58:48-07:00,4,14
resume.html,55,html,5367a02,pratham-aggr,2026-04-02,16:58:48,-07:00,2026-04-02T16:58:48-07:00,4,17
resume.html,56,html,5367a02,pratham-aggr,2026-04-02,16:58:48,-07:00,2026-04-02T16:58:48-07:00,4,19
resume.html,57,html,5367a02,pratham-aggr,2026-04-02,16:58:48,-07:00,2026-04-02T16:58:48-07:00,4,14
resume.html,58,html,5367a02,pratham-aggr,2026-04-02,16:58:48,-07:00,2026-04-02T16:58:48-07:00,4,14
resume.html,59,html,5367a02,pratham-aggr,2026-04-02,16:58:48,-07:00,2026-04-02T16:58:48-07:00,4,17
resume.html,60,html,5367a02,pratham-aggr,2026-04-02,16:58:48,-07:00,2026-04-02T16:58:48-07:00,4,13
resume.html,61,html,5367a02,pratham-aggr,2026-04-02,16:58:48,-07:00,2026-04-02T16:58:48-07:00,4,22
resume.html,62,html,5367a02,pratham-aggr,2026-04-02,16:58:48,-07:00,2026-04-02T16:58:48-07:00,4,3
resume.html,63,html,5367a02,pratham-aggr,2026-04-02,16:58:48,-07:00,2026-04-02T16:58:48-07:00,2,8
resume.html,64,html,5367a02,pratham-aggr,2026-04-02,16:58:48,-07:00,2026-04-02T16:58:48-07:00,0,8
resume.html,65,html,5367a02,pratham-aggr,2026-04-02,16:58:48,-07:00,2026-04-02T16:58:48-07:00,0,7
resume.html,66,html,575e145f,pratham-aggr,2026-04-15,13:38:03,-07:00,2026-04-15T13:38:03-07:00,2,26
resume.html,67,html,575e145f,pratham-aggr,2026-04-15,13:38:03,-07:00,2026-04-15T13:38:03-07:00,1,8
resume.html,68,html,575e145f,pratham-aggr,2026-04-15,13:38:03,-07:00,2026-04-15T13:38:03-07:00,0,0
resume.html,69,html,575e145f,pratham-aggr,2026-04-15,13:38:03,-07:00,2026-04-15T13:38:03-07:00,1,31
resume.html,70,html,5367a02,pratham-aggr,2026-04-02,16:58:48,-07:00,2026-04-02T16:58:48-07:00,1,6
resume.html,71,html,5367a02,pratham-aggr,2026-04-02,16:58:48,-07:00,2026-04-02T16:58:48-07:00,2,17
resume.html,72,html,5367a02,pratham-aggr,2026-04-02,16:58:48,-07:00,2026-04-02T16:58:48-07:00,1,7
resume.html,73,html,5367a02,pratham-aggr,2026-04-02,16:58:48,-07:00,2026-04-02T16:58:48-07:00,0,0
resume.html,74,html,5367a02,pratham-aggr,2026-04-02,16:58:48,-07:00,2026-04-02T16:58:48-07:00,1,7
resume.html,75,html,5367a02,pratham-aggr,2026-04-02,16:58:48,-07:00,2026-04-02T16:58:48-07:00,2,60
resume.html,76,html,5367a02,pratham-aggr,2026-04-02,16:58:48,-07:00,2026-04-02T16:58:48-07:00,2,55
resume.html,77,html,5367a02,pratham-aggr,2026-04-02,16:58:48,-07:00,2026-04-02T16:58:48-07:00,2,2
resume.html,78,html,5367a02,pratham-aggr,2026-04-02,16:58:48,-07:00,2026-04-02T16:58:48-07:00,3,66
resume.html,79,html,5367a02,pratham-aggr,2026-04-02,16:58:48,-07:00,2026-04-02T16:58:48-07:00,3,56
resume.html,80,html,5367a02,pratham-aggr,2026-04-02,16:58:48,-07:00,2026-04-02T16:58:48-07:00,3,62
resume.html,81,html,5367a02,pratham-aggr,2026-04-02,16:58:48,-07:00,2026-04-02T16:58:48-07:00,2,3
resume.html,82,html,5367a02,pratham-aggr,2026-04-02,16:58:48,-07:00,2026-04-02T16:58:48-07:00,1,8
resume.html,83,html,5367a02,pratham-aggr,2026-04-02,16:58:48,-07:00,2026-04-02T16:58:48-07:00,0,0
resume.html,84,html,5367a02,pratham-aggr,2026-04-02,16:58:48,-07:00,2026-04-02T16:58:48-07:00,1,7
resume.html,85,html,5367a02,pratham-aggr,2026-04-02,16:58:48,-07:00,2026-04-02T16:58:48-07:00,2,58
resume.html,86,html,5367a02,pratham-aggr,2026-04-02,16:58:48,-07:00,2026-04-02T16:58:48-07:00,2,55
resume.html,87,html,5367a02,pratham-aggr,2026-04-02,16:58:48,-07:00,2026-04-02T16:58:48-07:00,2,2
resume.html,88,html,5367a02,pratham-aggr,2026-04-02,16:58:48,-07:00,2026-04-02T16:58:48-07:00,3,55
resume.html,89,html,5367a02,pratham-aggr,2026-04-02,16:58:48,-07:00,2026-04-02T16:58:48-07:00,3,50
resume.html,90,html,5367a02,pratham-aggr,2026-04-02,16:58:48,-07:00,2026-04-02T16:58:48-07:00,3,61
resume.html,91,html,5367a02,pratham-aggr,2026-04-02,16:58:48,-07:00,2026-04-02T16:58:48-07:00,2,3
resume.html,92,html,5367a02,pratham-aggr,2026-04-02,16:58:48,-07:00,2026-04-02T16:58:48-07:00,1,8
resume.html,93,html,5367a02,pratham-aggr,2026-04-02,16:58:48,-07:00,2026-04-02T16:58:48-07:00,0,0
resume.html,94,html,5367a02,pratham-aggr,2026-04-02,16:58:48,-07:00,2026-04-02T16:58:48-07:00,1,7
resume.html,95,html,5367a02,pratham-aggr,2026-04-02,16:58:48,-07:00,2026-04-02T16:58:48-07:00,2,61
resume.html,96,html,5367a02,pratham-aggr,2026-04-02,16:58:48,-07:00,2026-04-02T16:58:48-07:00,2,88
resume.html,97,html,5367a02,pratham-aggr,2026-04-02,16:58:48,-07:00,2026-04-02T16:58:48-07:00,2,2
resume.html,98,html,5367a02,pratham-aggr,2026-04-02,16:58:48,-07:00,2026-04-02T16:58:48-07:00,3,68
resume.html,99,html,5367a02,pratham-aggr,2026-04-02,16:58:48,-07:00,2026-04-02T16:58:48-07:00,3,66
resume.html,100,html,5367a02,pratham-aggr,2026-04-02,16:58:48,-07:00,2026-04-02T16:58:48-07:00,3,42
resume.html,101,html,5367a02,pratham-aggr,2026-04-02,16:58:48,-07:00,2026-04-02T16:58:48-07:00,2,3
resume.html,102,html,5367a02,pratham-aggr,2026-04-02,16:58:48,-07:00,2026-04-02T16:58:48-07:00,1,8
resume.html,103,html,5367a02,pratham-aggr,2026-04-02,16:58:48,-07:00,2026-04-02T16:58:48-07:00,0,0
resume.html,104,html,5367a02,pratham-aggr,2026-04-02,16:58:48,-07:00,2026-04-02T16:58:48-07:00,1,7
resume.html,105,html,5367a02,pratham-aggr,2026-04-02,16:58:48,-07:00,2026-04-02T16:58:48-07:00,2,63
resume.html,106,html,5367a02,pratham-aggr,2026-04-02,16:58:48,-07:00,2026-04-02T16:58:48-07:00,2,88
resume.html,107,html,5367a02,pratham-aggr,2026-04-02,16:58:48,-07:00,2026-04-02T16:58:48-07:00,2,2
resume.html,108,html,5367a02,pratham-aggr,2026-04-02,16:58:48,-07:00,2026-04-02T16:58:48-07:00,3,59
resume.html,109,html,5367a02,pratham-aggr,2026-04-02,16:58:48,-07:00,2026-04-02T16:58:48-07:00,3,63
resume.html,110,html,5367a02,pratham-aggr,2026-04-02,16:58:48,-07:00,2026-04-02T16:58:48-07:00,3,50
resume.html,111,html,5367a02,pratham-aggr,2026-04-02,16:58:48,-07:00,2026-04-02T16:58:48-07:00,2,3
resume.html,112,html,5367a02,pratham-aggr,2026-04-02,16:58:48,-07:00,2026-04-02T16:58:48-07:00,1,8
resume.html,113,html,5367a02,pratham-aggr,2026-04-02,16:58:48,-07:00,2026-04-02T16:58:48-07:00,0,0
resume.html,114,html,5367a02,pratham-aggr,2026-04-02,16:58:48,-07:00,2026-04-02T16:58:48-07:00,1,7
resume.html,115,html,5367a02,pratham-aggr,2026-04-02,16:58:48,-07:00,2026-04-02T16:58:48-07:00,2,42
resume.html,116,html,5367a02,pratham-aggr,2026-04-02,16:58:48,-07:00,2026-04-02T16:58:48-07:00,2,88
resume.html,117,html,5367a02,pratham-aggr,2026-04-02,16:58:48,-07:00,2026-04-02T16:58:48-07:00,2,2
resume.html,118,html,5367a02,pratham-aggr,2026-04-02,16:58:48,-07:00,2026-04-02T16:58:48-07:00,3,61
resume.html,119,html,5367a02,pratham-aggr,2026-04-02,16:58:48,-07:00,2026-04-02T16:58:48-07:00,3,59
resume.html,120,html,5367a02,pratham-aggr,2026-04-02,16:58:48,-07:00,2026-04-02T16:58:48-07:00,3,39
resume.html,121,html,5367a02,pratham-aggr,2026-04-02,16:58:48,-07:00,2026-04-02T16:58:48-07:00,2,3
resume.html,122,html,5367a02,pratham-aggr,2026-04-02,16:58:48,-07:00,2026-04-02T16:58:48-07:00,1,8
resume.html,123,html,5367a02,pratham-aggr,2026-04-02,16:58:48,-07:00,2026-04-02T16:58:48-07:00,0,8
resume.html,124,html,5367a02,pratham-aggr,2026-04-02,16:58:48,-07:00,2026-04-02T16:58:48-07:00,0,0
resume.html,125,html,5367a02,pratham-aggr,2026-04-02,16:58:48,-07:00,2026-04-02T16:58:48-07:00,0,7
resume.html,126,html,5367a02,pratham-aggr,2026-04-02,16:58:48,-07:00,2026-04-02T16:58:48-07:00,1,6
resume.html,127,html,5367a02,pratham-aggr,2026-04-02,16:58:48,-07:00,2026-04-02T16:58:48-07:00,2,15
resume.html,128,html,5367a02,pratham-aggr,2026-04-02,16:58:48,-07:00,2026-04-02T16:58:48-07:00,1,7
resume.html,129,html,5367a02,pratham-aggr,2026-04-02,16:58:48,-07:00,2026-04-02T16:58:48-07:00,0,0
resume.html,130,html,5367a02,pratham-aggr,2026-04-02,16:58:48,-07:00,2026-04-02T16:58:48-07:00,1,7
resume.html,131,html,5367a02,pratham-aggr,2026-04-02,16:58:48,-07:00,2026-04-02T16:58:48-07:00,2,34
resume.html,132,html,5367a02,pratham-aggr,2026-04-02,16:58:48,-07:00,2026-04-02T16:58:48-07:00,2,45
resume.html,133,html,5367a02,pratham-aggr,2026-04-02,16:58:48,-07:00,2026-04-02T16:58:48-07:00,2,2
resume.html,134,html,5367a02,pratham-aggr,2026-04-02,16:58:48,-07:00,2026-04-02T16:58:48-07:00,3,60
resume.html,135,html,5367a02,pratham-aggr,2026-04-02,16:58:48,-07:00,2026-04-02T16:58:48-07:00,3,57
resume.html,136,html,5367a02,pratham-aggr,2026-04-02,16:58:48,-07:00,2026-04-02T16:58:48-07:00,2,3
resume.html,137,html,5367a02,pratham-aggr,2026-04-02,16:58:48,-07:00,2026-04-02T16:58:48-07:00,1,8
resume.html,138,html,5367a02,pratham-aggr,2026-04-02,16:58:48,-07:00,2026-04-02T16:58:48-07:00,0,0
resume.html,139,html,5367a02,pratham-aggr,2026-04-02,16:58:48,-07:00,2026-04-02T16:58:48-07:00,1,7
resume.html,140,html,5367a02,pratham-aggr,2026-04-02,16:58:48,-07:00,2026-04-02T16:58:48-07:00,2,49
resume.html,141,html,5367a02,pratham-aggr,2026-04-02,16:58:48,-07:00,2026-04-02T16:58:48-07:00,2,45
resume.html,142,html,5367a02,pratham-aggr,2026-04-02,16:58:48,-07:00,2026-04-02T16:58:48-07:00,2,2
resume.html,143,html,5367a02,pratham-aggr,2026-04-02,16:58:48,-07:00,2026-04-02T16:58:48-07:00,3,52
resume.html,144,html,5367a02,pratham-aggr,2026-04-02,16:58:48,-07:00,2026-04-02T16:58:48-07:00,3,61
resume.html,145,html,5367a02,pratham-aggr,2026-04-02,16:58:48,-07:00,2026-04-02T16:58:48-07:00,2,3
resume.html,146,html,5367a02,pratham-aggr,2026-04-02,16:58:48,-07:00,2026-04-02T16:58:48-07:00,1,8
resume.html,147,html,5367a02,pratham-aggr,2026-04-02,16:58:48,-07:00,2026-04-02T16:58:48-07:00,0,5
resume.html,148,html,5367a02,pratham-aggr,2026-04-02,16:58:48,-07:00,2026-04-02T16:58:48-07:00,0,5
resume.html,149,html,5367a02,pratham-aggr,2026-04-02,16:58:48,-07:00,2026-04-02T16:58:48-07:00,2,0
index.js,1,js,20d581a3,pratham-aggr,2026-04-23,11:39:23,-07:00,2026-04-23T11:39:23-07:00,0,71
index.js,2,js,20d581a3,pratham-aggr,2026-04-23,11:39:23,-07:00,2026-04-23T11:39:23-07:00,0,0
index.js,3,js,20d581a3,pratham-aggr,2026-04-23,11:39:23,-07:00,2026-04-23T11:39:23-07:00,0,54
index.js,4,js,20d581a3,pratham-aggr,2026-04-23,11:39:23,-07:00,2026-04-23T11:39:23-07:00,0,42
index.js,5,js,20d581a3,pratham-aggr,2026-04-23,11:39:23,-07:00,2026-04-23T11:39:23-07:00,0,0
index.js,6,js,20d581a3,pratham-aggr,2026-04-23,11:39:23,-07:00,2026-04-23T11:39:23-07:00,0,60
index.js,7,js,20d581a3,pratham-aggr,2026-04-23,11:39:23,-07:00,2026-04-23T11:39:23-07:00,0,54
index.js,8,js,20d581a3,pratham-aggr,2026-04-23,11:39:23,-07:00,2026-04-23T11:39:23-07:00,0,0
index.js,9,js,20d581a3,pratham-aggr,2026-04-23,11:39:23,-07:00,2026-04-23T11:39:23-07:00,0,55
index.js,10,js,20d581a3,pratham-aggr,2026-04-23,11:39:23,-07:00,2026-04-23T11:39:23-07:00,0,60
index.js,11,js,20d581a3,pratham-aggr,2026-04-23,11:39:23,-07:00,2026-04-23T11:39:23-07:00,0,0
index.js,12,js,20d581a3,pratham-aggr,2026-04-23,11:39:23,-07:00,2026-04-23T11:39:23-07:00,0,17
index.js,13,js,20d581a3,pratham-aggr,2026-04-23,11:39:23,-07:00,2026-04-23T11:39:23-07:00,1,24
index.js,14,js,20d581a3,pratham-aggr,2026-04-23,11:39:23,-07:00,2026-04-23T11:39:23-07:00,2,2
index.js,15,js,20d581a3,pratham-aggr,2026-04-23,11:39:23,-07:00,2026-04-23T11:39:23-07:00,3,55
index.js,16,js,20d581a3,pratham-aggr,2026-04-23,11:39:23,-07:00,2026-04-23T11:39:23-07:00,3,55
index.js,17,js,20d581a3,pratham-aggr,2026-04-23,11:39:23,-07:00,2026-04-23T11:39:23-07:00,3,49
index.js,18,js,20d581a3,pratham-aggr,2026-04-23,11:39:23,-07:00,2026-04-23T11:39:23-07:00,3,49
index.js,19,js,20d581a3,pratham-aggr,2026-04-23,11:39:23,-07:00,2026-04-23T11:39:23-07:00,2,3
index.js,20,js,20d581a3,pratham-aggr,2026-04-23,11:39:23,-07:00,2026-04-23T11:39:23-07:00,1,0
index.js,21,js,20d581a3,pratham-aggr,2026-04-23,11:39:23,-07:00,2026-04-23T11:39:23-07:00,0,0
index.html,1,html,5367a02,pratham-aggr,2026-04-02,16:58:48,-07:00,2026-04-02T16:58:48-07:00,0,13
index.html,2,html,5367a02,pratham-aggr,2026-04-02,16:58:48,-07:00,2026-04-02T16:58:48-07:00,0,4
index.html,3,html,5367a02,pratham-aggr,2026-04-02,16:58:48,-07:00,2026-04-02T16:58:48-07:00,2,4
index.html,4,html,5367a02,pratham-aggr,2026-04-02,16:58:48,-07:00,2026-04-02T16:58:48-07:00,4,57
index.html,5,html,5367a02,pratham-aggr,2026-04-02,16:58:48,-07:00,2026-04-02T16:58:48-07:00,4,38
index.html,6,html,5367a02,pratham-aggr,2026-04-02,16:58:48,-07:00,2026-04-02T16:58:48-07:00,2,5
index.html,7,html,5367a02,pratham-aggr,2026-04-02,16:58:48,-07:00,2026-04-02T16:58:48-07:00,2,4
index.html,8,html,5367a02,pratham-aggr,2026-04-02,16:58:48,-07:00,2026-04-02T16:58:48-07:00,4,25
index.html,9,html,20d581a3,pratham-aggr,2026-04-23,11:39:23,-07:00,2026-04-23T11:39:23-07:00,0,0
index.html,10,html,5ea21f4b,pratham-aggr,2026-04-02,17:01:12,-07:00,2026-04-02T17:01:12-07:00,4,1
index.html,11,html,5ea21f4b,pratham-aggr,2026-04-02,17:01:12,-07:00,2026-04-02T17:01:12-07:00,6,227
index.html,12,html,5ea21f4b,pratham-aggr,2026-04-02,17:01:12,-07:00,2026-04-02T17:01:12-07:00,4,2
index.html,13,html,5ea21f4b,pratham-aggr,2026-04-02,17:01:12,-07:00,2026-04-02T17:01:12-07:00,4,41
index.html,14,html,5ea21f4b,pratham-aggr,2026-04-02,17:01:12,-07:00,2026-04-02T17:01:12-07:00,4,32
index.html,15,html,5ea21f4b,pratham-aggr,2026-04-02,17:01:12,-07:00,2026-04-02T17:01:12-07:00,0,0
index.html,16,html,20d581a3,pratham-aggr,2026-04-23,11:39:23,-07:00,2026-04-23T11:39:23-07:00,4,22
index.html,17,html,20d581a3,pratham-aggr,2026-04-23,11:39:23,-07:00,2026-04-23T11:39:23-07:00,6,44
index.html,18,html,20d581a3,pratham-aggr,2026-04-23,11:39:23,-07:00,2026-04-23T11:39:23-07:00,4,4
index.html,19,html,20d581a3,pratham-aggr,2026-04-23,11:39:23,-07:00,2026-04-23T11:39:23-07:00,0,0
index.html,20,html,20d581a3,pratham-aggr,2026-04-23,11:39:23,-07:00,2026-04-23T11:39:23-07:00,4,22
index.html,21,html,20d581a3,pratham-aggr,2026-04-23,11:39:23,-07:00,2026-04-23T11:39:23-07:00,4,20
index.html,22,html,20d581a3,pratham-aggr,2026-04-23,11:39:23,-07:00,2026-04-23T11:39:23-07:00,6,49
index.html,23,html,20d581a3,pratham-aggr,2026-04-23,11:39:23,-07:00,2026-04-23T11:39:23-07:00,4,4
index.html,24,html,20d581a3,pratham-aggr,2026-04-23,11:39:23,-07:00,2026-04-23T11:39:23-07:00,0,0
index.html,25,html,20d581a3,pratham-aggr,2026-04-23,11:39:23,-07:00,2026-04-23T11:39:23-07:00,4,31
index.html,26,html,20d581a3,pratham-aggr,2026-04-23,11:39:23,-07:00,2026-04-23T11:39:23-07:00,4,50
index.html,27,html,5367a02,pratham-aggr,2026-04-02,16:58:48,-07:00,2026-04-02T16:58:48-07:00,2,5
index.html,28,html,5367a02,pratham-aggr,2026-04-02,16:58:48,-07:00,2026-04-02T16:58:48-07:00,0,5
global.js,1,js,575e145f,pratham-aggr,2026-04-15,13:38:03,-07:00,2026-04-15T13:38:03-07:00,0,26
global.js,2,js,575e145f,pratham-aggr,2026-04-15,13:38:03,-07:00,2026-04-15T13:38:03-07:00,0,0
global.js,3,js,575e145f,pratham-aggr,2026-04-15,13:38:03,-07:00,2026-04-15T13:38:03-07:00,0,41
global.js,4,js,575e145f,pratham-aggr,2026-04-15,13:38:03,-07:00,2026-04-15T13:38:03-07:00,1,52
global.js,5,js,575e145f,pratham-aggr,2026-04-15,13:38:03,-07:00,2026-04-15T13:38:03-07:00,0,0
global.js,6,js,f90afdad,pratham-aggr,2026-04-15,14:00:16,-07:00,2026-04-15T14:00:16-07:00,0,0
global.js,7,js,f90afdad,pratham-aggr,2026-04-15,14:00:16,-07:00,2026-04-15T14:00:16-07:00,0,76
global.js,8,js,089e6240,pratham-aggr,2026-04-15,13:53:29,-07:00,2026-04-15T13:53:29-07:00,0,31
global.js,9,js,089e6240,pratham-aggr,2026-04-15,13:53:29,-07:00,2026-04-15T13:53:29-07:00,1,43
global.js,10,js,f90afdad,pratham-aggr,2026-04-15,14:00:16,-07:00,2026-04-15T14:00:16-07:00,1,34
global.js,11,js,f90afdad,pratham-aggr,2026-04-15,14:00:16,-07:00,2026-04-15T14:00:16-07:00,1,34
global.js,12,js,f90afdad,pratham-aggr,2026-04-15,14:00:16,-07:00,2026-04-15T14:00:16-07:00,1,31
global.js,13,js,f90afdad,pratham-aggr,2026-04-15,14:00:16,-07:00,2026-04-15T14:00:16-07:00,2,71
global.js,14,js,f90afdad,pratham-aggr,2026-04-15,14:00:16,-07:00,2026-04-15T14:00:16-07:00,1,0
global.js,15,js,089e6240,pratham-aggr,2026-04-15,13:53:29,-07:00,2026-04-15T13:53:29-07:00,1,26
global.js,16,js,f90afdad,pratham-aggr,2026-04-15,14:00:16,-07:00,2026-04-15T14:00:16-07:00,1,62
global.js,17,js,f90afdad,pratham-aggr,2026-04-15,14:00:16,-07:00,2026-04-15T14:00:16-07:00,1,35
global.js,18,js,f90afdad,pratham-aggr,2026-04-15,14:00:16,-07:00,2026-04-15T14:00:16-07:00,1,56
global.js,19,js,f90afdad,pratham-aggr,2026-04-15,14:00:16,-07:00,2026-04-15T14:00:16-07:00,1,28
global.js,20,js,f90afdad,pratham-aggr,2026-04-15,14:00:16,-07:00,2026-04-15T14:00:16-07:00,1,29
global.js,21,js,f90afdad,pratham-aggr,2026-04-15,14:00:16,-07:00,2026-04-15T14:00:16-07:00,1,55
global.js,22,js,f90afdad,pratham-aggr,2026-04-15,14:00:16,-07:00,2026-04-15T14:00:16-07:00,1,25
global.js,23,js,f90afdad,pratham-aggr,2026-04-15,14:00:16,-07:00,2026-04-15T14:00:16-07:00,2,48
global.js,24,js,f90afdad,pratham-aggr,2026-04-15,14:00:16,-07:00,2026-04-15T14:00:16-07:00,2,32
global.js,25,js,f90afdad,pratham-aggr,2026-04-15,14:00:16,-07:00,2026-04-15T14:00:16-07:00,2,39
global.js,26,js,f90afdad,pratham-aggr,2026-04-15,14:00:16,-07:00,2026-04-15T14:00:16-07:00,3,26
global.js,27,js,f90afdad,pratham-aggr,2026-04-15,14:00:16,-07:00,2026-04-15T14:00:16-07:00,2,0
global.js,28,js,f90afdad,pratham-aggr,2026-04-15,14:00:16,-07:00,2026-04-15T14:00:16-07:00,1,0
global.js,29,js,f90afdad,pratham-aggr,2026-04-15,14:00:16,-07:00,2026-04-15T14:00:16-07:00,1,38
global.js,30,js,089e6240,pratham-aggr,2026-04-15,13:53:29,-07:00,2026-04-15T13:53:29-07:00,1,14
global.js,31,js,f90afdad,pratham-aggr,2026-04-15,14:00:16,-07:00,2026-04-15T14:00:16-07:00,1,46
global.js,32,js,089e6240,pratham-aggr,2026-04-15,13:53:29,-07:00,2026-04-15T13:53:29-07:00,1,21
global.js,33,js,089e6240,pratham-aggr,2026-04-15,13:53:29,-07:00,2026-04-15T13:53:29-07:00,0,0
global.js,34,js,089e6240,pratham-aggr,2026-04-15,13:53:29,-07:00,2026-04-15T13:53:29-07:00,0,0
global.js,35,js,f90afdad,pratham-aggr,2026-04-15,14:00:16,-07:00,2026-04-15T14:00:16-07:00,0,0
global.js,36,js,fe8e16cc,pratham-aggr,2026-04-15,13:46:49,-07:00,2026-04-15T13:46:49-07:00,0,13
global.js,37,js,ecb3865f,pratham-aggr,2026-04-15,13:49:10,-07:00,2026-04-15T13:49:10-07:00,1,35
global.js,38,js,ecb3865f,pratham-aggr,2026-04-15,13:49:10,-07:00,2026-04-15T13:49:10-07:00,1,48
global.js,39,js,ecb3865f,pratham-aggr,2026-04-15,13:49:10,-07:00,2026-04-15T13:49:10-07:00,1,46
global.js,40,js,575e145f,pratham-aggr,2026-04-15,13:38:03,-07:00,2026-04-15T13:38:03-07:00,1,75
global.js,41,js,ecb3865f,pratham-aggr,2026-04-15,13:49:10,-07:00,2026-04-15T13:49:10-07:00,1,37
global.js,42,js,575e145f,pratham-aggr,2026-04-15,13:38:03,-07:00,2026-04-15T13:38:03-07:00,0,0
global.js,43,js,575e145f,pratham-aggr,2026-04-15,13:38:03,-07:00,2026-04-15T13:38:03-07:00,0,0
global.js,44,js,fe8e16cc,pratham-aggr,2026-04-15,13:46:49,-07:00,2026-04-15T13:46:49-07:00,0,40
global.js,45,js,575e145f,pratham-aggr,2026-04-15,13:38:03,-07:00,2026-04-15T13:38:03-07:00,0,25
global.js,46,js,575e145f,pratham-aggr,2026-04-15,13:38:03,-07:00,2026-04-15T13:38:03-07:00,0,0
global.js,47,js,fe8e16cc,pratham-aggr,2026-04-15,13:46:49,-07:00,2026-04-15T13:46:49-07:00,0,0
global.js,48,js,ecb3865f,pratham-aggr,2026-04-15,13:49:10,-07:00,2026-04-15T13:49:10-07:00,0,0
global.js,49,js,089e6240,pratham-aggr,2026-04-15,13:53:29,-07:00,2026-04-15T13:53:29-07:00,0,0
global.js,50,js,f90afdad,pratham-aggr,2026-04-15,14:00:16,-07:00,2026-04-15T14:00:16-07:00,0,0
global.js,51,js,fe8e16cc,pratham-aggr,2026-04-15,13:46:49,-07:00,2026-04-15T13:46:49-07:00,0,22
global.js,52,js,fe8e16cc,pratham-aggr,2026-04-15,13:46:49,-07:00,2026-04-15T13:46:49-07:00,1,36
global.js,53,js,089e6240,pratham-aggr,2026-04-15,13:53:29,-07:00,2026-04-15T13:53:29-07:00,1,29
global.js,54,js,575e145f,pratham-aggr,2026-04-15,13:38:03,-07:00,2026-04-15T13:38:03-07:00,1,22
global.js,55,js,f90afdad,pratham-aggr,2026-04-15,14:00:16,-07:00,2026-04-15T14:00:16-07:00,1,49
global.js,56,js,f90afdad,pratham-aggr,2026-04-15,14:00:16,-07:00,2026-04-15T14:00:16-07:00,1,101
global.js,57,js,f90afdad,pratham-aggr,2026-04-15,14:00:16,-07:00,2026-04-15T14:00:16-07:00,1,33
global.js,58,js,f90afdad,pratham-aggr,2026-04-15,14:00:16,-07:00,2026-04-15T14:00:16-07:00,1,97
global.js,59,js,fe8e16cc,pratham-aggr,2026-04-15,13:46:49,-07:00,2026-04-15T13:46:49-07:00,2,25
global.js,60,js,fe8e16cc,pratham-aggr,2026-04-15,13:46:49,-07:00,2026-04-15T13:46:49-07:00,1,0
global.js,61,js,575e145f,pratham-aggr,2026-04-15,13:38:03,-07:00,2026-04-15T13:38:03-07:00,1,31
global.js,62,js,fe8e16cc,pratham-aggr,2026-04-15,13:46:49,-07:00,2026-04-15T13:46:49-07:00,1,15
global.js,63,js,fe8e16cc,pratham-aggr,2026-04-15,13:46:49,-07:00,2026-04-15T13:46:49-07:00,2,18
global.js,64,js,fe8e16cc,pratham-aggr,2026-04-15,13:46:49,-07:00,2026-04-15T13:46:49-07:00,2,28
global.js,65,js,fe8e16cc,pratham-aggr,2026-04-15,13:46:49,-07:00,2026-04-15T13:46:49-07:00,1,0
global.js,66,js,575e145f,pratham-aggr,2026-04-15,13:38:03,-07:00,2026-04-15T13:38:03-07:00,1,12
global.js,67,js,575e145f,pratham-aggr,2026-04-15,13:38:03,-07:00,2026-04-15T13:38:03-07:00,0,0
global.js,68,js,575e145f,pratham-aggr,2026-04-15,13:38:03,-07:00,2026-04-15T13:38:03-07:00,0,0
global.js,69,js,575e145f,pratham-aggr,2026-04-15,13:38:03,-07:00,2026-04-15T13:38:03-07:00,0,36
global.js,70,js,575e145f,pratham-aggr,2026-04-15,13:38:03,-07:00,2026-04-15T13:38:03-07:00,0,31
global.js,71,js,575e145f,pratham-aggr,2026-04-15,13:38:03,-07:00,2026-04-15T13:38:03-07:00,1,11
global.js,72,js,575e145f,pratham-aggr,2026-04-15,13:38:03,-07:00,2026-04-15T13:38:03-07:00,1,208
global.js,73,js,575e145f,pratham-aggr,2026-04-15,13:38:03,-07:00,2026-04-15T13:38:03-07:00,0,0
global.js,74,js,575e145f,pratham-aggr,2026-04-15,13:38:03,-07:00,2026-04-15T13:38:03-07:00,0,0
global.js,75,js,575e145f,pratham-aggr,2026-04-15,13:38:03,-07:00,2026-04-15T13:38:03-07:00,0,62
global.js,76,js,575e145f,pratham-aggr,2026-04-15,13:38:03,-07:00,2026-04-15T13:38:03-07:00,0,60
global.js,77,js,575e145f,pratham-aggr,2026-04-15,13:38:03,-07:00,2026-04-15T13:38:03-07:00,0,0
global.js,78,js,575e145f,pratham-aggr,2026-04-15,13:38:03,-07:00,2026-04-15T13:38:03-07:00,0,31
global.js,79,js,575e145f,pratham-aggr,2026-04-15,13:38:03,-07:00,2026-04-15T13:38:03-07:00,1,65
global.js,80,js,575e145f,pratham-aggr,2026-04-15,13:38:03,-07:00,2026-04-15T13:38:03-07:00,1,20
global.js,81,js,575e145f,pratham-aggr,2026-04-15,13:38:03,-07:00,2026-04-15T13:38:03-07:00,0,0
global.js,82,js,575e145f,pratham-aggr,2026-04-15,13:38:03,-07:00,2026-04-15T13:38:03-07:00,0,0
global.js,83,js,575e145f,pratham-aggr,2026-04-15,13:38:03,-07:00,2026-04-15T13:38:03-07:00,0,41
global.js,84,js,575e145f,pratham-aggr,2026-04-15,13:38:03,-07:00,2026-04-15T13:38:03-07:00,0,34
global.js,85,js,575e145f,pratham-aggr,2026-04-15,13:38:03,-07:00,2026-04-15T13:38:03-07:00,1,39
global.js,86,js,575e145f,pratham-aggr,2026-04-15,13:38:03,-07:00,2026-04-15T13:38:03-07:00,0,0
global.js,87,js,575e145f,pratham-aggr,2026-04-15,13:38:03,-07:00,2026-04-15T13:38:03-07:00,0,0
global.js,88,js,575e145f,pratham-aggr,2026-04-15,13:38:03,-07:00,2026-04-15T13:38:03-07:00,0,49
global.js,89,js,575e145f,pratham-aggr,2026-04-15,13:38:03,-07:00,2026-04-15T13:38:03-07:00,1,33
global.js,90,js,575e145f,pratham-aggr,2026-04-15,13:38:03,-07:00,2026-04-15T13:38:03-07:00,1,44
global.js,91,js,20d581a3,pratham-aggr,2026-04-23,11:39:23,-07:00,2026-04-23T11:39:23-07:00,0,1
global.js,92,js,20d581a3,pratham-aggr,2026-04-23,11:39:23,-07:00,2026-04-23T11:39:23-07:00,0,0
global.js,93,js,20d581a3,pratham-aggr,2026-04-23,11:39:23,-07:00,2026-04-23T11:39:23-07:00,0,36
global.js,94,js,20d581a3,pratham-aggr,2026-04-23,11:39:23,-07:00,2026-04-23T11:39:23-07:00,1,3
global.js,95,js,20d581a3,pratham-aggr,2026-04-23,11:39:23,-07:00,2026-04-23T11:39:23-07:00,2,32
global.js,96,js,20d581a3,pratham-aggr,2026-04-23,11:39:23,-07:00,2026-04-23T11:39:23-07:00,0,0
global.js,97,js,20d581a3,pratham-aggr,2026-04-23,11:39:23,-07:00,2026-04-23T11:39:23-07:00,2,32
global.js,98,js,20d581a3,pratham-aggr,2026-04-23,11:39:23,-07:00,2026-04-23T11:39:23-07:00,2,17
global.js,99,js,20d581a3,pratham-aggr,2026-04-23,11:39:23,-07:00,2026-04-23T11:39:23-07:00,3,66
global.js,100,js,20d581a3,pratham-aggr,2026-04-23,11:39:23,-07:00,2026-04-23T11:39:23-07:00,2,0
global.js,101,js,20d581a3,pratham-aggr,2026-04-23,11:39:23,-07:00,2026-04-23T11:39:23-07:00,0,0
global.js,102,js,20d581a3,pratham-aggr,2026-04-23,11:39:23,-07:00,2026-04-23T11:39:23-07:00,2,16
global.js,103,js,20d581a3,pratham-aggr,2026-04-23,11:39:23,-07:00,2026-04-23T11:39:23-07:00,2,33
global.js,104,js,20d581a3,pratham-aggr,2026-04-23,11:39:23,-07:00,2026-04-23T11:39:23-07:00,0,0
global.js,105,js,20d581a3,pratham-aggr,2026-04-23,11:39:23,-07:00,2026-04-23T11:39:23-07:00,2,10
global.js,106,js,20d581a3,pratham-aggr,2026-04-23,11:39:23,-07:00,2026-04-23T11:39:23-07:00,0,0
global.js,107,js,20d581a3,pratham-aggr,2026-04-23,11:39:23,-07:00,2026-04-23T11:39:23-07:00,1,15
global.js,108,js,20d581a3,pratham-aggr,2026-04-23,11:39:23,-07:00,2026-04-23T11:39:23-07:00,2,59
global.js,109,js,20d581a3,pratham-aggr,2026-04-23,11:39:23,-07:00,2026-04-23T11:39:23-07:00,1,0
global.js,110,js,20d581a3,pratham-aggr,2026-04-23,11:39:23,-07:00,2026-04-23T11:39:23-07:00,0,0
global.js,111,js,20d581a3,pratham-aggr,2026-04-23,11:39:23,-07:00,2026-04-23T11:39:23-07:00,0,0
global.js,112,js,20d581a3,pratham-aggr,2026-04-23,11:39:23,-07:00,2026-04-23T11:39:23-07:00,0,79
global.js,113,js,20d581a3,pratham-aggr,2026-04-23,11:39:23,-07:00,2026-04-23T11:39:23-07:00,1,30
global.js,114,js,20d581a3,pratham-aggr,2026-04-23,11:39:23,-07:00,2026-04-23T11:39:23-07:00,0,0
global.js,115,js,20d581a3,pratham-aggr,2026-04-23,11:39:23,-07:00,2026-04-23T11:39:23-07:00,1,31
global.js,116,js,20d581a3,pratham-aggr,2026-04-23,11:39:23,-07:00,2026-04-23T11:39:23-07:00,2,48
global.js,117,js,20d581a3,pratham-aggr,2026-04-23,11:39:23,-07:00,2026-04-23T11:39:23-07:00,0,0
global.js,118,js,20d581a3,pratham-aggr,2026-04-23,11:39:23,-07:00,2026-04-23T11:39:23-07:00,2,19
global.js,119,js,20d581a3,pratham-aggr,2026-04-23,11:39:23,-07:00,2026-04-23T11:39:23-07:00,3,49
global.js,120,js,20d581a3,pratham-aggr,2026-04-23,11:39:23,-07:00,2026-04-23T11:39:23-07:00,3,49
global.js,121,js,91c028f9,pratham-aggr,2026-04-30,11:29:54,-07:00,2026-04-30T11:29:54-07:00,3,3
global.js,122,js,91c028f9,pratham-aggr,2026-04-30,11:29:54,-07:00,2026-04-30T11:29:54-07:00,4,27
global.js,123,js,91c028f9,pratham-aggr,2026-04-30,11:29:54,-07:00,2026-04-30T11:29:54-07:00,4,53
global.js,124,js,91c028f9,pratham-aggr,2026-04-30,11:29:54,-07:00,2026-04-30T11:29:54-07:00,3,4
global.js,125,js,20d581a3,pratham-aggr,2026-04-23,11:39:23,-07:00,2026-04-23T11:39:23-07:00,2,0
global.js,126,js,20d581a3,pratham-aggr,2026-04-23,11:39:23,-07:00,2026-04-23T11:39:23-07:00,0,0
global.js,127,js,20d581a3,pratham-aggr,2026-04-23,11:39:23,-07:00,2026-04-23T11:39:23-07:00,2,36
global.js,128,js,20d581a3,pratham-aggr,2026-04-23,11:39:23,-07:00,2026-04-23T11:39:23-07:00,1,0
global.js,129,js,20d581a3,pratham-aggr,2026-04-23,11:39:23,-07:00,2026-04-23T11:39:23-07:00,0,0
global.js,130,js,20d581a3,pratham-aggr,2026-04-23,11:39:23,-07:00,2026-04-23T11:39:23-07:00,0,0
global.js,131,js,20d581a3,pratham-aggr,2026-04-23,11:39:23,-07:00,2026-04-23T11:39:23-07:00,0,47
global.js,132,js,20d581a3,pratham-aggr,2026-04-23,11:39:23,-07:00,2026-04-23T11:39:23-07:00,1,59
global.js,133,js,20d581a3,pratham-aggr,2026-04-23,11:39:23,-07:00,2026-04-23T11:39:23-07:00,0,0
projects/projects.js,1,js,20d581a3,pratham-aggr,2026-04-23,11:39:23,-07:00,2026-04-23T11:39:23-07:00,0,55
projects/projects.js,2,js,91c028f9,pratham-aggr,2026-04-30,11:29:54,-07:00,2026-04-30T11:29:54-07:00,0,63
projects/projects.js,3,js,20d581a3,pratham-aggr,2026-04-23,11:39:23,-07:00,2026-04-23T11:39:23-07:00,0,0
projects/projects.js,4,js,20d581a3,pratham-aggr,2026-04-23,11:39:23,-07:00,2026-04-23T11:39:23-07:00,0,55
projects/projects.js,5,js,20d581a3,pratham-aggr,2026-04-23,11:39:23,-07:00,2026-04-23T11:39:23-07:00,0,60
projects/projects.js,6,js,20d581a3,pratham-aggr,2026-04-23,11:39:23,-07:00,2026-04-23T11:39:23-07:00,0,0
projects/projects.js,7,js,20d581a3,pratham-aggr,2026-04-23,11:39:23,-07:00,2026-04-23T11:39:23-07:00,0,62
projects/projects.js,8,js,20d581a3,pratham-aggr,2026-04-23,11:39:23,-07:00,2026-04-23T11:39:23-07:00,0,18
projects/projects.js,9,js,20d581a3,pratham-aggr,2026-04-23,11:39:23,-07:00,2026-04-23T11:39:23-07:00,1,106
projects/projects.js,10,js,20d581a3,pratham-aggr,2026-04-23,11:39:23,-07:00,2026-04-23T11:39:23-07:00,0,0
projects/projects.js,11,js,91c028f9,pratham-aggr,2026-04-30,11:29:54,-07:00,2026-04-30T11:29:54-07:00,0,0
projects/projects.js,12,js,91c028f9,pratham-aggr,2026-04-30,11:29:54,-07:00,2026-04-30T11:29:54-07:00,0,57
projects/projects.js,13,js,91c028f9,pratham-aggr,2026-04-30,11:29:54,-07:00,2026-04-30T11:29:54-07:00,0,47
projects/projects.js,14,js,91c028f9,pratham-aggr,2026-04-30,11:29:54,-07:00,2026-04-30T11:29:54-07:00,0,0
projects/projects.js,15,js,91c028f9,pratham-aggr,2026-04-30,11:29:54,-07:00,2026-04-30T11:29:54-07:00,0,13
projects/projects.js,16,js,91c028f9,pratham-aggr,2026-04-30,11:29:54,-07:00,2026-04-30T11:29:54-07:00,0,21
projects/projects.js,17,js,91c028f9,pratham-aggr,2026-04-30,11:29:54,-07:00,2026-04-30T11:29:54-07:00,0,0
projects/projects.js,18,js,91c028f9,pratham-aggr,2026-04-30,11:29:54,-07:00,2026-04-30T11:29:54-07:00,0,51
projects/projects.js,19,js,91c028f9,pratham-aggr,2026-04-30,11:29:54,-07:00,2026-04-30T11:29:54-07:00,0,28
projects/projects.js,20,js,91c028f9,pratham-aggr,2026-04-30,11:29:54,-07:00,2026-04-30T11:29:54-07:00,1,35
projects/projects.js,21,js,91c028f9,pratham-aggr,2026-04-30,11:29:54,-07:00,2026-04-30T11:29:54-07:00,2,59
projects/projects.js,22,js,91c028f9,pratham-aggr,2026-04-30,11:29:54,-07:00,2026-04-30T11:29:54-07:00,2,42
projects/projects.js,23,js,91c028f9,pratham-aggr,2026-04-30,11:29:54,-07:00,2026-04-30T11:29:54-07:00,1,1
projects/projects.js,24,js,91c028f9,pratham-aggr,2026-04-30,11:29:54,-07:00,2026-04-30T11:29:54-07:00,0,0
projects/projects.js,25,js,91c028f9,pratham-aggr,2026-04-30,11:29:54,-07:00,2026-04-30T11:29:54-07:00,0,0
projects/projects.js,26,js,91c028f9,pratham-aggr,2026-04-30,11:29:54,-07:00,2026-04-30T11:29:54-07:00,0,37
projects/projects.js,27,js,91c028f9,pratham-aggr,2026-04-30,11:29:54,-07:00,2026-04-30T11:29:54-07:00,1,45
projects/projects.js,28,js,91c028f9,pratham-aggr,2026-04-30,11:29:54,-07:00,2026-04-30T11:29:54-07:00,1,29
projects/projects.js,29,js,91c028f9,pratham-aggr,2026-04-30,11:29:54,-07:00,2026-04-30T11:29:54-07:00,1,44
projects/projects.js,30,js,91c028f9,pratham-aggr,2026-04-30,11:29:54,-07:00,2026-04-30T11:29:54-07:00,0,0
projects/projects.js,31,js,91c028f9,pratham-aggr,2026-04-30,11:29:54,-07:00,2026-04-30T11:29:54-07:00,1,72
projects/projects.js,32,js,91c028f9,pratham-aggr,2026-04-30,11:29:54,-07:00,2026-04-30T11:29:54-07:00,1,76
projects/projects.js,33,js,91c028f9,pratham-aggr,2026-04-30,11:29:54,-07:00,2026-04-30T11:29:54-07:00,0,0
projects/projects.js,34,js,91c028f9,pratham-aggr,2026-04-30,11:29:54,-07:00,2026-04-30T11:29:54-07:00,1,50
projects/projects.js,35,js,91c028f9,pratham-aggr,2026-04-30,11:29:54,-07:00,2026-04-30T11:29:54-07:00,1,33
projects/projects.js,36,js,91c028f9,pratham-aggr,2026-04-30,11:29:54,-07:00,2026-04-30T11:29:54-07:00,1,45
projects/projects.js,37,js,91c028f9,pratham-aggr,2026-04-30,11:29:54,-07:00,2026-04-30T11:29:54-07:00,0,0
projects/projects.js,38,js,91c028f9,pratham-aggr,2026-04-30,11:29:54,-07:00,2026-04-30T11:29:54-07:00,1,24
projects/projects.js,39,js,91c028f9,pratham-aggr,2026-04-30,11:29:54,-07:00,2026-04-30T11:29:54-07:00,2,1
projects/projects.js,40,js,91c028f9,pratham-aggr,2026-04-30,11:29:54,-07:00,2026-04-30T11:29:54-07:00,3,13
projects/projects.js,41,js,91c028f9,pratham-aggr,2026-04-30,11:29:54,-07:00,2026-04-30T11:29:54-07:00,3,13
projects/projects.js,42,js,91c028f9,pratham-aggr,2026-04-30,11:29:54,-07:00,2026-04-30T11:29:54-07:00,3,22
projects/projects.js,43,js,91c028f9,pratham-aggr,2026-04-30,11:29:54,-07:00,2026-04-30T11:29:54-07:00,3,51
projects/projects.js,44,js,91c028f9,pratham-aggr,2026-04-30,11:29:54,-07:00,2026-04-30T11:29:54-07:00,3,18
projects/projects.js,45,js,91c028f9,pratham-aggr,2026-04-30,11:29:54,-07:00,2026-04-30T11:29:54-07:00,4,43
projects/projects.js,46,js,91c028f9,pratham-aggr,2026-04-30,11:29:54,-07:00,2026-04-30T11:29:54-07:00,0,0
projects/projects.js,47,js,91c028f9,pratham-aggr,2026-04-30,11:29:54,-07:00,2026-04-30T11:29:54-07:00,4,54
projects/projects.js,48,js,91c028f9,pratham-aggr,2026-04-30,11:29:54,-07:00,2026-04-30T11:29:54-07:00,4,1
projects/projects.js,49,js,91c028f9,pratham-aggr,2026-04-30,11:29:54,-07:00,2026-04-30T11:29:54-07:00,5,16
projects/projects.js,50,js,91c028f9,pratham-aggr,2026-04-30,11:29:54,-07:00,2026-04-30T11:29:54-07:00,5,68
projects/projects.js,51,js,91c028f9,pratham-aggr,2026-04-30,11:29:54,-07:00,2026-04-30T11:29:54-07:00,4,18
projects/projects.js,52,js,91c028f9,pratham-aggr,2026-04-30,11:29:54,-07:00,2026-04-30T11:29:54-07:00,5,14
projects/projects.js,53,js,91c028f9,pratham-aggr,2026-04-30,11:29:54,-07:00,2026-04-30T11:29:54-07:00,5,24
projects/projects.js,54,js,91c028f9,pratham-aggr,2026-04-30,11:29:54,-07:00,2026-04-30T11:29:54-07:00,6,60
projects/projects.js,55,js,91c028f9,pratham-aggr,2026-04-30,11:29:54,-07:00,2026-04-30T11:29:54-07:00,5,0
projects/projects.js,56,js,91c028f9,pratham-aggr,2026-04-30,11:29:54,-07:00,2026-04-30T11:29:54-07:00,0,0
projects/projects.js,57,js,91c028f9,pratham-aggr,2026-04-30,11:29:54,-07:00,2026-04-30T11:29:54-07:00,4,53
projects/projects.js,58,js,91c028f9,pratham-aggr,2026-04-30,11:29:54,-07:00,2026-04-30T11:29:54-07:00,4,39
projects/projects.js,59,js,91c028f9,pratham-aggr,2026-04-30,11:29:54,-07:00,2026-04-30T11:29:54-07:00,4,25
projects/projects.js,60,js,91c028f9,pratham-aggr,2026-04-30,11:29:54,-07:00,2026-04-30T11:29:54-07:00,5,54
projects/projects.js,61,js,91c028f9,pratham-aggr,2026-04-30,11:29:54,-07:00,2026-04-30T11:29:54-07:00,4,6
projects/projects.js,62,js,91c028f9,pratham-aggr,2026-04-30,11:29:54,-07:00,2026-04-30T11:29:54-07:00,5,43
projects/projects.js,63,js,91c028f9,pratham-aggr,2026-04-30,11:29:54,-07:00,2026-04-30T11:29:54-07:00,5,13
projects/projects.js,64,js,91c028f9,pratham-aggr,2026-04-30,11:29:54,-07:00,2026-04-30T11:29:54-07:00,6,52
projects/projects.js,65,js,91c028f9,pratham-aggr,2026-04-30,11:29:54,-07:00,2026-04-30T11:29:54-07:00,6,16
projects/projects.js,66,js,91c028f9,pratham-aggr,2026-04-30,11:29:54,-07:00,2026-04-30T11:29:54-07:00,6,2
projects/projects.js,67,js,91c028f9,pratham-aggr,2026-04-30,11:29:54,-07:00,2026-04-30T11:29:54-07:00,5,0
projects/projects.js,68,js,91c028f9,pratham-aggr,2026-04-30,11:29:54,-07:00,2026-04-30T11:29:54-07:00,4,0
projects/projects.js,69,js,91c028f9,pratham-aggr,2026-04-30,11:29:54,-07:00,2026-04-30T11:29:54-07:00,3,1
projects/projects.js,70,js,91c028f9,pratham-aggr,2026-04-30,11:29:54,-07:00,2026-04-30T11:29:54-07:00,1,1
projects/projects.js,71,js,91c028f9,pratham-aggr,2026-04-30,11:29:54,-07:00,2026-04-30T11:29:54-07:00,0,0
projects/projects.js,72,js,91c028f9,pratham-aggr,2026-04-30,11:29:54,-07:00,2026-04-30T11:29:54-07:00,1,32
projects/projects.js,73,js,91c028f9,pratham-aggr,2026-04-30,11:29:54,-07:00,2026-04-30T11:29:54-07:00,1,22
projects/projects.js,74,js,91c028f9,pratham-aggr,2026-04-30,11:29:54,-07:00,2026-04-30T11:29:54-07:00,2,4
projects/projects.js,75,js,91c028f9,pratham-aggr,2026-04-30,11:29:54,-07:00,2026-04-30T11:29:54-07:00,3,11
projects/projects.js,76,js,91c028f9,pratham-aggr,2026-04-30,11:29:54,-07:00,2026-04-30T11:29:54-07:00,3,36
projects/projects.js,77,js,91c028f9,pratham-aggr,2026-04-30,11:29:54,-07:00,2026-04-30T11:29:54-07:00,3,74
projects/projects.js,78,js,4c14934e,pratham-aggr,2026-04-30,11:37:15,-07:00,2026-04-30T11:37:15-07:00,3,68
projects/projects.js,79,js,4c14934e,pratham-aggr,2026-04-30,11:37:15,-07:00,2026-04-30T11:37:15-07:00,3,18
projects/projects.js,80,js,4c14934e,pratham-aggr,2026-04-30,11:37:15,-07:00,2026-04-30T11:37:15-07:00,4,43
projects/projects.js,81,js,4c14934e,pratham-aggr,2026-04-30,11:37:15,-07:00,2026-04-30T11:37:15-07:00,0,0
projects/projects.js,82,js,4c14934e,pratham-aggr,2026-04-30,11:37:15,-07:00,2026-04-30T11:37:15-07:00,4,1
projects/projects.js,83,js,4c14934e,pratham-aggr,2026-04-30,11:37:15,-07:00,2026-04-30T11:37:15-07:00,5,16
projects/projects.js,84,js,4c14934e,pratham-aggr,2026-04-30,11:37:15,-07:00,2026-04-30T11:37:15-07:00,5,68
projects/projects.js,85,js,4c14934e,pratham-aggr,2026-04-30,11:37:15,-07:00,2026-04-30T11:37:15-07:00,4,18
projects/projects.js,86,js,4c14934e,pratham-aggr,2026-04-30,11:37:15,-07:00,2026-04-30T11:37:15-07:00,5,14
projects/projects.js,87,js,4c14934e,pratham-aggr,2026-04-30,11:37:15,-07:00,2026-04-30T11:37:15-07:00,5,24
projects/projects.js,88,js,4c14934e,pratham-aggr,2026-04-30,11:37:15,-07:00,2026-04-30T11:37:15-07:00,6,60
projects/projects.js,89,js,4c14934e,pratham-aggr,2026-04-30,11:37:15,-07:00,2026-04-30T11:37:15-07:00,5,0
projects/projects.js,90,js,4c14934e,pratham-aggr,2026-04-30,11:37:15,-07:00,2026-04-30T11:37:15-07:00,0,0
projects/projects.js,91,js,4c14934e,pratham-aggr,2026-04-30,11:37:15,-07:00,2026-04-30T11:37:15-07:00,4,39
projects/projects.js,92,js,4c14934e,pratham-aggr,2026-04-30,11:37:15,-07:00,2026-04-30T11:37:15-07:00,4,25
projects/projects.js,93,js,4c14934e,pratham-aggr,2026-04-30,11:37:15,-07:00,2026-04-30T11:37:15-07:00,5,54
projects/projects.js,94,js,4c14934e,pratham-aggr,2026-04-30,11:37:15,-07:00,2026-04-30T11:37:15-07:00,4,6
projects/projects.js,95,js,4c14934e,pratham-aggr,2026-04-30,11:37:15,-07:00,2026-04-30T11:37:15-07:00,5,43
projects/projects.js,96,js,4c14934e,pratham-aggr,2026-04-30,11:37:15,-07:00,2026-04-30T11:37:15-07:00,5,13
projects/projects.js,97,js,4c14934e,pratham-aggr,2026-04-30,11:37:15,-07:00,2026-04-30T11:37:15-07:00,6,52
projects/projects.js,98,js,4c14934e,pratham-aggr,2026-04-30,11:37:15,-07:00,2026-04-30T11:37:15-07:00,6,16
projects/projects.js,99,js,4c14934e,pratham-aggr,2026-04-30,11:37:15,-07:00,2026-04-30T11:37:15-07:00,6,2
projects/projects.js,100,js,4c14934e,pratham-aggr,2026-04-30,11:37:15,-07:00,2026-04-30T11:37:15-07:00,5,0
projects/projects.js,101,js,4c14934e,pratham-aggr,2026-04-30,11:37:15,-07:00,2026-04-30T11:37:15-07:00,4,0
projects/projects.js,102,js,4c14934e,pratham-aggr,2026-04-30,11:37:15,-07:00,2026-04-30T11:37:15-07:00,3,1
projects/projects.js,103,js,91c028f9,pratham-aggr,2026-04-30,11:29:54,-07:00,2026-04-30T11:29:54-07:00,1,1
projects/projects.js,104,js,91c028f9,pratham-aggr,2026-04-30,11:29:54,-07:00,2026-04-30T11:29:54-07:00,0,0
projects/projects.js,105,js,91c028f9,pratham-aggr,2026-04-30,11:29:54,-07:00,2026-04-30T11:29:54-07:00,0,0
projects/projects.js,106,js,91c028f9,pratham-aggr,2026-04-30,11:29:54,-07:00,2026-04-30T11:29:54-07:00,0,15
projects/projects.js,107,js,91c028f9,pratham-aggr,2026-04-30,11:29:54,-07:00,2026-04-30T11:29:54-07:00,0,48
projects/projects.js,108,js,91c028f9,pratham-aggr,2026-04-30,11:29:54,-07:00,2026-04-30T11:29:54-07:00,0,23
projects/projects.js,109,js,91c028f9,pratham-aggr,2026-04-30,11:29:54,-07:00,2026-04-30T11:29:54-07:00,0,0
projects/projects.js,110,js,91c028f9,pratham-aggr,2026-04-30,11:29:54,-07:00,2026-04-30T11:29:54-07:00,0,53
projects/projects.js,111,js,91c028f9,pratham-aggr,2026-04-30,11:29:54,-07:00,2026-04-30T11:29:54-07:00,0,48
projects/projects.js,112,js,91c028f9,pratham-aggr,2026-04-30,11:29:54,-07:00,2026-04-30T11:29:54-07:00,1,25
projects/projects.js,113,js,91c028f9,pratham-aggr,2026-04-30,11:29:54,-07:00,2026-04-30T11:29:54-07:00,1,75
projects/projects.js,114,js,91c028f9,pratham-aggr,2026-04-30,11:29:54,-07:00,2026-04-30T11:29:54-07:00,1,17
projects/projects.js,115,js,91c028f9,pratham-aggr,2026-04-30,11:29:54,-07:00,2026-04-30T11:29:54-07:00,0,0
projects/projects.js,116,js,91c028f9,pratham-aggr,2026-04-30,11:29:54,-07:00,2026-04-30T11:29:54-07:00,1,33
projects/projects.js,117,js,91c028f9,pratham-aggr,2026-04-30,11:29:54,-07:00,2026-04-30T11:29:54-07:00,1,48
projects/projects.js,118,js,91c028f9,pratham-aggr,2026-04-30,11:29:54,-07:00,2026-04-30T11:29:54-07:00,1,23
projects/projects.js,119,js,91c028f9,pratham-aggr,2026-04-30,11:29:54,-07:00,2026-04-30T11:29:54-07:00,0,1
projects/index.html,1,html,5367a02,pratham-aggr,2026-04-02,16:58:48,-07:00,2026-04-02T16:58:48-07:00,0,13
projects/index.html,2,html,5367a02,pratham-aggr,2026-04-02,16:58:48,-07:00,2026-04-02T16:58:48-07:00,0,14
projects/index.html,3,html,5367a02,pratham-aggr,2026-04-02,16:58:48,-07:00,2026-04-02T16:58:48-07:00,0,4
projects/index.html,4,html,5367a02,pratham-aggr,2026-04-02,16:58:48,-07:00,2026-04-02T16:58:48-07:00,2,20
projects/index.html,5,html,5367a02,pratham-aggr,2026-04-02,16:58:48,-07:00,2026-04-02T16:58:48-07:00,2,68
projects/index.html,6,html,46e0646e,pratham-aggr,2026-04-02,17:17:34,-07:00,2026-04-02T17:17:34-07:00,2,41
projects/index.html,7,html,5367a02,pratham-aggr,2026-04-02,16:58:48,-07:00,2026-04-02T16:58:48-07:00,2,36
projects/index.html,8,html,5367a02,pratham-aggr,2026-04-02,16:58:48,-07:00,2026-04-02T16:58:48-07:00,0,5
projects/index.html,9,html,5367a02,pratham-aggr,2026-04-02,16:58:48,-07:00,2026-04-02T16:58:48-07:00,0,4
projects/index.html,10,html,575e145f,pratham-aggr,2026-04-15,13:38:03,-07:00,2026-04-15T13:38:03-07:00,0,0
projects/index.html,11,html,20d581a3,pratham-aggr,2026-04-23,11:39:23,-07:00,2026-04-23T11:39:23-07:00,2,77
projects/index.html,12,html,11eb8e70,pratham-aggr,2026-04-07,10:42:24,-07:00,2026-04-07T10:42:24-07:00,0,0
projects/index.html,13,html,91c028f9,pratham-aggr,2026-04-30,11:29:54,-07:00,2026-04-30T11:29:54-07:00,2,21
projects/index.html,14,html,91c028f9,pratham-aggr,2026-04-30,11:29:54,-07:00,2026-04-30T11:29:54-07:00,3,58
projects/index.html,15,html,91c028f9,pratham-aggr,2026-04-30,11:29:54,-07:00,2026-04-30T11:29:54-07:00,3,22
projects/index.html,16,html,91c028f9,pratham-aggr,2026-04-30,11:29:54,-07:00,2026-04-30T11:29:54-07:00,2,4
projects/index.html,17,html,91c028f9,pratham-aggr,2026-04-30,11:29:54,-07:00,2026-04-30T11:29:54-07:00,0,0
projects/index.html,18,html,91c028f9,pratham-aggr,2026-04-30,11:29:54,-07:00,2026-04-30T11:29:54-07:00,2,4
projects/index.html,19,html,91c028f9,pratham-aggr,2026-04-30,11:29:54,-07:00,2026-04-30T11:29:54-07:00,3,15
projects/index.html,20,html,91c028f9,pratham-aggr,2026-04-30,11:29:54,-07:00,2026-04-30T11:29:54-07:00,3,11
projects/index.html,21,html,91c028f9,pratham-aggr,2026-04-30,11:29:54,-07:00,2026-04-30T11:29:54-07:00,3,26
projects/index.html,22,html,91c028f9,pratham-aggr,2026-04-30,11:29:54,-07:00,2026-04-30T11:29:54-07:00,3,31
projects/index.html,23,html,91c028f9,pratham-aggr,2026-04-30,11:29:54,-07:00,2026-04-30T11:29:54-07:00,2,0
projects/index.html,24,html,91c028f9,pratham-aggr,2026-04-30,11:29:54,-07:00,2026-04-30T11:29:54-07:00,0,0
projects/index.html,25,html,20d581a3,pratham-aggr,2026-04-23,11:39:23,-07:00,2026-04-23T11:39:23-07:00,2,47
projects/index.html,26,html,575e145f,pratham-aggr,2026-04-15,13:38:03,-07:00,2026-04-15T13:38:03-07:00,0,0
projects/index.html,27,html,20d581a3,pratham-aggr,2026-04-23,11:39:23,-07:00,2026-04-23T11:39:23-07:00,2,20
projects/index.html,28,html,20d581a3,pratham-aggr,2026-04-23,11:39:23,-07:00,2026-04-23T11:39:23-07:00,4,49
projects/index.html,29,html,20d581a3,pratham-aggr,2026-04-23,11:39:23,-07:00,2026-04-23T11:39:23-07:00,2,4
projects/index.html,30,html,11eb8e70,pratham-aggr,2026-04-07,10:42:24,-07:00,2026-04-07T10:42:24-07:00,0,0
projects/index.html,31,html,5367a02,pratham-aggr,2026-04-02,16:58:48,-07:00,2026-04-02T16:58:48-07:00,0,5
projects/index.html,32,html,00000000,Not Committed Yet,2026-05-07,22:23:55,-07:00,2026-05-07T22:23:55-07:00,0,5
projects/index.html,33,html,00000000,Not Committed Yet,2026-05-07,22:23:55,-07:00,2026-05-07T22:23:55-07:00,0,0
contact/style.css,1,css,11eb8e70,pratham-aggr,2026-04-07,10:42:24,-07:00,2026-04-07T10:42:24-07:00,0,0
contact/style.css,2,css,11eb8e70,pratham-aggr,2026-04-07,10:42:24,-07:00,2026-04-07T10:42:24-07:00,0,4
contact/style.css,3,css,11eb8e70,pratham-aggr,2026-04-07,10:42:24,-07:00,2026-04-07T10:42:24-07:00,0,7
contact/style.css,4,css,11eb8e70,pratham-aggr,2026-04-07,10:42:24,-07:00,2026-04-07T10:42:24-07:00,0,6
contact/style.css,5,css,11eb8e70,pratham-aggr,2026-04-07,10:42:24,-07:00,2026-04-07T10:42:24-07:00,1,12
contact/style.css,6,css,11eb8e70,pratham-aggr,2026-04-07,10:42:24,-07:00,2026-04-07T10:42:24-07:00,0,0
contact/style.css,7,css,11eb8e70,pratham-aggr,2026-04-07,10:42:24,-07:00,2026-04-07T10:42:24-07:00,0,0
contact/style.css,8,css,11eb8e70,pratham-aggr,2026-04-07,10:42:24,-07:00,2026-04-07T10:42:24-07:00,0,4
contact/style.css,9,css,11eb8e70,pratham-aggr,2026-04-07,10:42:24,-07:00,2026-04-07T10:42:24-07:00,1,12
contact/style.css,10,css,11eb8e70,pratham-aggr,2026-04-07,10:42:24,-07:00,2026-04-07T10:42:24-07:00,1,30
contact/style.css,11,css,11eb8e70,pratham-aggr,2026-04-07,10:42:24,-07:00,2026-04-07T10:42:24-07:00,1,7
contact/style.css,12,css,11eb8e70,pratham-aggr,2026-04-07,10:42:24,-07:00,2026-04-07T10:42:24-07:00,0,0
contact/style.css,13,css,11eb8e70,pratham-aggr,2026-04-07,10:42:24,-07:00,2026-04-07T10:42:24-07:00,0,0
contact/style.css,14,css,11eb8e70,pratham-aggr,2026-04-07,10:42:24,-07:00,2026-04-07T10:42:24-07:00,0,5
contact/style.css,15,css,11eb8e70,pratham-aggr,2026-04-07,10:42:24,-07:00,2026-04-07T10:42:24-07:00,1,12
contact/style.css,16,css,11eb8e70,pratham-aggr,2026-04-07,10:42:24,-07:00,2026-04-07T10:42:24-07:00,1,29
contact/style.css,17,css,11eb8e70,pratham-aggr,2026-04-07,10:42:24,-07:00,2026-04-07T10:42:24-07:00,1,18
contact/style.css,18,css,11eb8e70,pratham-aggr,2026-04-07,10:42:24,-07:00,2026-04-07T10:42:24-07:00,0,0
contact/style.css,19,css,11eb8e70,pratham-aggr,2026-04-07,10:42:24,-07:00,2026-04-07T10:42:24-07:00,0,0
contact/style.css,20,css,11eb8e70,pratham-aggr,2026-04-07,10:42:24,-07:00,2026-04-07T10:42:24-07:00,0,4
contact/style.css,21,css,11eb8e70,pratham-aggr,2026-04-07,10:42:24,-07:00,2026-04-07T10:42:24-07:00,0,8
contact/style.css,22,css,11eb8e70,pratham-aggr,2026-04-07,10:42:24,-07:00,2026-04-07T10:42:24-07:00,1,10
contact/style.css,23,css,11eb8e70,pratham-aggr,2026-04-07,10:42:24,-07:00,2026-04-07T10:42:24-07:00,1,21
contact/style.css,24,css,11eb8e70,pratham-aggr,2026-04-07,10:42:24,-07:00,2026-04-07T10:42:24-07:00,0,0
contact/style.css,25,css,11eb8e70,pratham-aggr,2026-04-07,10:42:24,-07:00,2026-04-07T10:42:24-07:00,0,0
contact/style.css,26,css,11eb8e70,pratham-aggr,2026-04-07,10:42:24,-07:00,2026-04-07T10:42:24-07:00,0,6
contact/style.css,27,css,11eb8e70,pratham-aggr,2026-04-07,10:42:24,-07:00,2026-04-07T10:42:24-07:00,1,18
contact/style.css,28,css,11eb8e70,pratham-aggr,2026-04-07,10:42:24,-07:00,2026-04-07T10:42:24-07:00,0,0
contact/index.html,1,html,5367a02,pratham-aggr,2026-04-02,16:58:48,-07:00,2026-04-02T16:58:48-07:00,0,13
contact/index.html,2,html,5367a02,pratham-aggr,2026-04-02,16:58:48,-07:00,2026-04-02T16:58:48-07:00,0,14
contact/index.html,3,html,5367a02,pratham-aggr,2026-04-02,16:58:48,-07:00,2026-04-02T16:58:48-07:00,0,4
contact/index.html,4,html,5367a02,pratham-aggr,2026-04-02,16:58:48,-07:00,2026-04-02T16:58:48-07:00,2,20
contact/index.html,5,html,5367a02,pratham-aggr,2026-04-02,16:58:48,-07:00,2026-04-02T16:58:48-07:00,2,68
contact/index.html,6,html,5367a02,pratham-aggr,2026-04-02,16:58:48,-07:00,2026-04-02T16:58:48-07:00,2,35
contact/index.html,7,html,46e0646e,pratham-aggr,2026-04-02,17:17:34,-07:00,2026-04-02T17:17:34-07:00,2,41
contact/index.html,8,html,5367a02,pratham-aggr,2026-04-02,16:58:48,-07:00,2026-04-02T16:58:48-07:00,0,5
contact/index.html,9,html,5367a02,pratham-aggr,2026-04-02,16:58:48,-07:00,2026-04-02T16:58:48-07:00,0,4
contact/index.html,10,html,5367a02,pratham-aggr,2026-04-02,16:58:48,-07:00,2026-04-02T16:58:48-07:00,2,24
contact/index.html,11,html,575e145f,pratham-aggr,2026-04-15,13:38:03,-07:00,2026-04-15T13:38:03-07:00,0,0
contact/index.html,12,html,575e145f,pratham-aggr,2026-04-15,13:38:03,-07:00,2026-04-15T13:38:03-07:00,3,34
contact/index.html,13,html,31e02bc5,pratham-aggr,2026-04-02,17:15:29,-07:00,2026-04-02T17:15:29-07:00,2,85
contact/index.html,14,html,64922b70,pratham-aggr,2026-04-02,17:08:45,-07:00,2026-04-02T17:08:45-07:00,4,5
contact/index.html,15,html,64922b70,pratham-aggr,2026-04-02,17:08:45,-07:00,2026-04-02T17:08:45-07:00,6,4
contact/index.html,16,html,64922b70,pratham-aggr,2026-04-02,17:08:45,-07:00,2026-04-02T17:08:45-07:00,6,31
contact/index.html,17,html,64922b70,pratham-aggr,2026-04-02,17:08:45,-07:00,2026-04-02T17:08:45-07:00,5,6
contact/index.html,18,html,64922b70,pratham-aggr,2026-04-02,17:08:45,-07:00,2026-04-02T17:08:45-07:00,5,6
contact/index.html,19,html,64922b70,pratham-aggr,2026-04-02,17:08:45,-07:00,2026-04-02T17:08:45-07:00,3,0
contact/index.html,20,html,64922b70,pratham-aggr,2026-04-02,17:08:45,-07:00,2026-04-02T17:08:45-07:00,5,5
contact/index.html,21,html,64922b70,pratham-aggr,2026-04-02,17:08:45,-07:00,2026-04-02T17:08:45-07:00,6,6
contact/index.html,22,html,64922b70,pratham-aggr,2026-04-02,17:08:45,-07:00,2026-04-02T17:08:45-07:00,6,20
contact/index.html,23,html,64922b70,pratham-aggr,2026-04-02,17:08:45,-07:00,2026-04-02T17:08:45-07:00,5,6
contact/index.html,24,html,64922b70,pratham-aggr,2026-04-02,17:08:45,-07:00,2026-04-02T17:08:45-07:00,5,6
contact/index.html,25,html,64922b70,pratham-aggr,2026-04-02,17:08:45,-07:00,2026-04-02T17:08:45-07:00,3,0
contact/index.html,26,html,64922b70,pratham-aggr,2026-04-02,17:08:45,-07:00,2026-04-02T17:08:45-07:00,5,5
contact/index.html,27,html,64922b70,pratham-aggr,2026-04-02,17:08:45,-07:00,2026-04-02T17:08:45-07:00,6,6
contact/index.html,28,html,64922b70,pratham-aggr,2026-04-02,17:08:45,-07:00,2026-04-02T17:08:45-07:00,6,31
contact/index.html,29,html,64922b70,pratham-aggr,2026-04-02,17:08:45,-07:00,2026-04-02T17:08:45-07:00,5,6
contact/index.html,30,html,64922b70,pratham-aggr,2026-04-02,17:08:45,-07:00,2026-04-02T17:08:45-07:00,5,6
contact/index.html,31,html,64922b70,pratham-aggr,2026-04-02,17:08:45,-07:00,2026-04-02T17:08:45-07:00,3,0
contact/index.html,32,html,64922b70,pratham-aggr,2026-04-02,17:08:45,-07:00,2026-04-02T17:08:45-07:00,5,6
contact/index.html,33,html,64922b70,pratham-aggr,2026-04-02,17:08:45,-07:00,2026-04-02T17:08:45-07:00,6,4
contact/index.html,34,html,64922b70,pratham-aggr,2026-04-02,17:08:45,-07:00,2026-04-02T17:08:45-07:00,4,7
contact/index.html,35,html,64922b70,pratham-aggr,2026-04-02,17:08:45,-07:00,2026-04-02T17:08:45-07:00,3,0
contact/index.html,36,html,5367a02,pratham-aggr,2026-04-02,16:58:48,-07:00,2026-04-02T16:58:48-07:00,0,5
contact/index.html,37,html,5367a02,pratham-aggr,2026-04-02,16:58:48,-07:00,2026-04-02T16:58:48-07:00,0,5
